timestamp,temperature_norm,growth_norm,humidity_norm,co2_norm,growth_rate_norm,acceleration_norm,temperature_raw,growth_raw,humidity_raw,co2_raw,stage
2026-02-19 15:05:31,0,0.0218,0.846,0.000154,0.309,0.695,0,0.069,0.746,0.000622,0
2026-02-19 15:22:29,0.018,0.0218,0.879,0,0.309,0.695,0.0897,0.069,1,0,0
2026-02-19 15:23:31,0.17,0.0218,0.797,0.000239,0.309,0.695,0.774,0.069,0.141,0.00147,0
2026-02-19 15:24:32,0.297,0.0179,0.716,0.000404,0.308,0.695,0.804,0.0345,0.094,0.00135,0
2026-02-19 15:25:32,0.403,0.0143,0.639,0.000535,0.306,0.695,0.823,0.0345,0.0616,0.00135,0
2026-02-19 15:26:34,0.49,0.0111,0.566,0.000629,0.294,0.693,0.836,0.0345,0.0278,0.00131,0
2026-02-19 15:27:37,0.562,0.0122,0.497,0.00071,0.285,0.688,0.846,0.069,0.00902,0.00133,0
2026-02-19 15:28:39,0.621,0.00924,0.434,0.000769,0.278,0.68,0.856,0.0345,0,0.00131,0
2026-02-19 15:29:39,0.67,0.0105,0.378,0.000794,0.277,0.671,0.865,0.069,0.00292,0.00122,0
2026-02-19 15:30:40,0.712,0.0116,0.327,0.000864,0.281,0.664,0.876,0.069,0,0.00142,0
2026-02-19 15:31:41,0.747,0.00479,0.283,0.001,0.275,0.659,0.883,0,0.0215,0.00175,0
2026-02-19 15:32:59,0.776,0.00649,0.243,0.00118,0.276,0.657,0.89,0.069,0.00611,0.00202,0
2026-02-19 15:34:00,0.799,0.00409,0.208,0.00135,0.272,0.657,0.888,0.0345,0.0192,0.00213,0
2026-02-19 15:35:06,0.819,0.00194,0.175,0.00149,0.266,0.656,0.898,0.0345,0.0112,0.00215,0
2026-02-19 15:36:12,0.837,0,0.148,0.00163,0.265,0.656,0.904,0.0345,0.029,0.00226,0
2026-02-19 15:37:17,0.852,0.00218,0.124,0.0018,0.265,0.655,0.908,0.069,0.0282,0.00253,0
2026-02-19 15:38:18,0.864,0.00414,0.104,0.00201,0.27,0.656,0.912,0.069,0.0448,0.00278,1
2026-02-19 15:39:19,0.876,0.0137,0.0868,0.00225,0.286,0.662,0.92,0.138,0.0505,0.00309,1
2026-02-19 15:40:19,0.886,0.0224,0.0733,0.00248,0.313,0.674,0.925,0.138,0.0647,0.00326,1
2026-02-19 15:41:20,0.895,0.0263,0.0568,0.00278,0.34,0.695,0.927,0.103,0.0312,0.00371,1
2026-02-19 15:42:20,0.902,0.0297,0.0428,0.00311,0.366,0.723,0.93,0.103,0.0376,0.00406,1
2026-02-19 15:43:21,0.909,0.0368,0.0301,0.0034,0.386,0.757,0.933,0.138,0.0372,0.0042,1
2026-02-19 15:44:38,0.915,0.0353,0.0223,0.00366,0.392,0.787,0.935,0.069,0.0648,0.00431,1
2026-02-19 15:45:41,0.919,0.0379,0.0207,0.00403,0.395,0.811,0.931,0.103,0.106,0.00495,1
2026-02-19 15:46:46,0.923,0.0441,0.0171,0.00437,0.401,0.827,0.939,0.138,0.0891,0.00513,1
2026-02-19 15:47:47,0.928,0.0458,0.0133,0.00469,0.401,0.835,0.942,0.103,0.0859,0.00531,1
2026-02-19 15:48:51,0.932,0.0552,0.00987,0.00502,0.414,0.837,0.948,0.172,0.0851,0.00564,1
2026-02-19 15:49:53,0.936,0.0597,0.00714,0.00534,0.427,0.838,0.948,0.138,0.088,0.00586,1
2026-02-19 15:50:53,0.939,0.0716,0.00266,0.00564,0.445,0.84,0.949,0.207,0.0726,0.00599,1
2026-02-19 15:51:58,0.942,0.0744,0,0.0059,0.463,0.844,0.949,0.138,0.083,0.00611,1
2026-02-19 15:52:59,0.943,0.077,0.000352,0.00611,0.471,0.851,0.944,0.138,0.104,0.00613,1
2026-02-19 15:54:04,0.945,0.0833,0.0034,0.00633,0.481,0.857,0.95,0.172,0.125,0.00633,1
2026-02-19 15:55:05,0.946,0.085,0.00709,0.00653,0.478,0.859,0.95,0.138,0.132,0.00642,1
2026-02-19 15:56:07,0.948,0.0865,0.00816,0.00667,0.474,0.856,0.95,0.138,0.115,0.00633,1
2026-02-19 15:57:10,0.949,0.0879,0.0164,0.00681,0.469,0.847,0.95,0.138,0.17,0.00646,1
2026-02-19 15:58:15,0.949,0.093,0.0269,0.00693,0.464,0.833,0.947,0.172,0.194,0.00651,1
2026-02-19 15:59:20,0.948,0.106,0.0356,0.00708,0.47,0.817,0.943,0.241,0.188,0.00668,1
2026-02-19 16:00:36,0.948,0.117,0.0457,0.00712,0.485,0.804,0.944,0.241,0.206,0.00639,1
2026-02-19 16:01:41,0.947,0.123,0.0564,0.00716,0.503,0.795,0.942,0.207,0.218,0.00642,1
2026-02-19 16:04:47,0.948,0.129,0.066,0.00718,0.508,0.791,0.945,0.207,0.217,0.00637,1
2026-02-19 16:05:48,0.946,0.137,0.0808,0.00736,0.51,0.788,0.936,0.241,0.264,0.00704,1
2026-02-19 16:06:49,0.946,0.142,0.0911,0.00761,0.508,0.785,0.945,0.207,0.241,0.00744,1
2026-02-19 16:07:51,0.947,0.153,0.102,0.00786,0.511,0.78,0.949,0.276,0.256,0.00768,1
2026-02-19 16:09:57,0.948,0.164,0.117,0.00821,0.521,0.775,0.949,0.276,0.295,0.00826,1
2026-02-19 16:11:13,0.947,0.173,0.133,0.00863,0.53,0.771,0.939,0.276,0.312,0.00884,1
2026-02-19 16:13:48,0.947,0.189,0.152,0.00909,0.539,0.768,0.945,0.345,0.348,0.00933,1
2026-02-19 16:14:57,0.947,0.204,0.171,0.00973,0.548,0.767,0.942,0.345,0.358,0.0104,1
2026-02-19 16:15:58,0.949,0.221,0.187,0.0103,0.567,0.768,0.954,0.379,0.351,0.0106,1
2026-02-19 16:17:01,0.951,0.24,0.201,0.0107,0.594,0.774,0.957,0.414,0.352,0.0106,1
2026-02-19 16:18:03,0.954,0.254,0.212,0.0112,0.635,0.788,0.961,0.379,0.335,0.0111,1
2026-02-19 16:19:05,0.956,0.27,0.221,0.0116,0.675,0.814,0.962,0.414,0.338,0.0112,1
2026-02-19 16:20:16,0.958,0.28,0.23,0.0119,0.701,0.846,0.966,0.379,0.337,0.0112,1
2026-02-19 16:21:17,0.959,0.294,0.241,0.0122,0.718,0.879,0.957,0.414,0.358,0.0113,1
2026-02-19 16:22:19,0.96,0.314,0.247,0.0125,0.741,0.909,0.965,0.483,0.334,0.0115,1
2026-02-19 16:23:20,0.961,0.331,0.252,0.0128,0.764,0.933,0.962,0.483,0.326,0.0118,1
2026-02-19 16:24:21,0.962,0.344,0.257,0.0129,0.789,0.953,0.961,0.448,0.328,0.0114,1
2026-02-19 16:25:22,0.962,0.359,0.262,0.0129,0.813,0.971,0.959,0.483,0.338,0.011,1
2026-02-19 16:26:25,0.962,0.376,0.273,0.0128,0.832,0.986,0.958,0.517,0.383,0.0106,1
2026-02-19 16:27:26,0.961,0.388,0.282,0.0128,0.842,0.996,0.954,0.483,0.382,0.0106,1
2026-02-19 16:28:29,0.96,0.402,0.292,0.0128,0.852,1,0.956,0.517,0.388,0.0109,1
2026-02-19 16:29:29,0.959,0.407,0.3,0.013,0.851,0.997,0.953,0.448,0.389,0.0116,1
2026-02-19 16:30:29,0.959,0.416,0.306,0.0132,0.842,0.984,0.954,0.483,0.376,0.012,1
2026-02-19 16:31:33,0.958,0.435,0.314,0.0136,0.841,0.964,0.951,0.586,0.396,0.0126,1
2026-02-19 16:32:34,0.957,0.449,0.322,0.0141,0.84,0.939,0.949,0.552,0.4,0.0134,1
2026-02-19 16:33:34,0.956,0.461,0.332,0.0146,0.847,0.912,0.952,0.552,0.423,0.0139,1
2026-02-19 16:34:34,0.956,0.476,0.344,0.0151,0.86,0.889,0.95,0.586,0.446,0.0144,1
2026-02-19 16:35:34,0.955,0.489,0.353,0.0156,0.866,0.871,0.948,0.586,0.429,0.0149,1
2026-02-19 16:36:34,0.954,0.501,0.365,0.0173,0.87,0.857,0.951,0.586,0.467,0.0197,1
2026-02-19 16:37:34,0.954,0.508,0.377,0.0191,0.868,0.845,0.949,0.552,0.467,0.0217,1
2026-02-19 16:38:35,0.953,0.522,0.387,0.0206,0.865,0.832,0.947,0.621,0.465,0.0223,1
2026-02-19 16:39:35,0.953,0.539,0.396,0.0219,0.866,0.818,0.95,0.655,0.469,0.0223,1
2026-02-19 16:40:35,0.953,0.558,0.405,0.0228,0.874,0.805,0.951,0.69,0.466,0.0218,1
2026-02-19 16:41:35,0.953,0.571,0.415,0.0234,0.889,0.796,0.951,0.655,0.493,0.0212,1
2026-02-19 16:42:35,0.954,0.583,0.428,0.0236,0.899,0.791,0.953,0.655,0.513,0.0205,1
2026-02-19 16:43:35,0.954,0.597,0.437,0.0238,0.906,0.791,0.953,0.69,0.498,0.0202,1
2026-02-19 16:44:35,0.955,0.614,0.448,0.0239,0.91,0.793,0.953,0.724,0.52,0.0202,1
2026-02-19 16:45:36,0.955,0.626,0.459,0.024,0.912,0.794,0.951,0.69,0.526,0.0203,1
2026-02-19 16:46:36,0.955,0.644,0.469,0.0243,0.921,0.794,0.956,0.759,0.527,0.0209,1
2026-02-19 16:47:36,0.956,0.66,0.483,0.0246,0.931,0.794,0.954,0.759,0.561,0.0214,1
2026-02-19 16:48:36,0.956,0.679,0.493,0.0249,0.941,0.796,0.956,0.793,0.55,0.0217,1
2026-02-19 16:49:36,0.957,0.695,0.501,0.0252,0.957,0.8,0.958,0.793,0.538,0.0217,1
2026-02-19 16:50:36,0.958,0.714,0.509,0.0256,0.972,0.806,0.959,0.828,0.545,0.0225,1
2026-02-19 16:51:36,0.959,0.727,0.516,0.0261,0.982,0.814,0.957,0.793,0.538,0.0232,1
2026-02-19 16:52:36,0.96,0.743,0.526,0.0269,0.988,0.822,0.962,0.828,0.573,0.025,1
2026-02-19 16:53:37,0.961,0.761,0.533,0.0278,0.995,0.829,0.961,0.862,0.557,0.0258,1
2026-02-19 16:54:37,0.961,0.778,0.533,0.0314,0.998,0.831,0.961,0.862,0.507,0.0376,1
2026-02-19 16:55:37,0.962,0.788,0.538,0.047,0.998,0.83,0.963,0.828,0.546,0.0889,1
2026-02-19 16:56:37,0.963,0.806,0.544,0.0618,1,0.826,0.965,0.897,0.557,0.0982,1
2026-02-19 16:57:37,0.964,0.822,0.553,0.0706,0.999,0.819,0.965,0.897,0.58,0.0859,1
2026-02-19 16:58:39,0.965,0.828,0.558,0.0743,0.987,0.808,0.965,0.828,0.566,0.0727,1
2026-02-19 16:59:39,0.966,0.841,0.547,0.0798,0.979,0.793,0.968,0.897,0.437,0.0829,1
2026-02-19 17:00:40,0.967,0.854,0.544,0.0995,0.966,0.774,0.967,0.897,0.501,0.144,1
2026-02-19 17:01:40,0.968,0.868,0.543,0.114,0.953,0.751,0.968,0.931,0.502,0.138,1
2026-02-19 17:02:40,0.968,0.882,0.54,0.118,0.949,0.728,0.967,0.931,0.496,0.112,1
2026-02-19 17:03:40,0.968,0.89,0.531,0.12,0.941,0.706,0.967,0.897,0.445,0.102,1
2026-02-19 17:04:40,0.968,0.901,0.542,0.121,0.931,0.686,0.966,0.931,0.586,0.102,1
2026-02-19 17:05:40,0.968,0.911,0.544,0.132,0.918,0.668,0.961,0.931,0.533,0.143,1
2026-02-19 17:06:40,0.966,0.921,0.544,0.143,0.901,0.649,0.959,0.931,0.517,0.15,1
2026-02-19 17:07:41,0.965,0.933,0.531,0.161,0.89,0.631,0.959,0.966,0.417,0.191,1
2026-02-19 17:08:41,0.965,0.94,0.539,0.192,0.875,0.613,0.959,0.931,0.566,0.257,1
2026-02-19 17:09:45,0.964,0.95,0.525,0.227,0.861,0.596,0.956,0.966,0.407,0.298,1
2026-02-19 17:10:47,0.962,0.959,0.52,0.273,0.849,0.58,0.954,0.966,0.462,0.37,1
2026-02-19 17:11:47,0.962,0.959,0.5,0.353,0.824,0.565,0.956,0.897,0.343,0.543,2
2026-02-19 17:12:47,0.962,0.952,0.491,0.43,0.787,0.546,0.96,0.828,0.411,0.596,2
2026-02-19 17:13:47,0.962,0.945,0.472,0.492,0.734,0.519,0.961,0.828,0.332,0.599,2
2026-02-19 17:14:47,0.963,0.939,0.473,0.526,0.669,0.48,0.962,0.828,0.466,0.536,2
2026-02-19 17:15:47,0.964,0.942,0.49,0.529,0.612,0.429,0.964,0.897,0.594,0.441,2
2026-02-19 17:16:48,0.964,0.952,0.509,0.51,0.582,0.374,0.961,0.966,0.623,0.349,2
2026-02-19 17:17:48,0.964,0.961,0.514,0.488,0.572,0.326,0.962,0.966,0.523,0.323,2
2026-02-19 17:18:48,0.964,0.973,0.517,0.467,0.583,0.296,0.962,1,0.518,0.311,2
2026-02-19 17:19:48,0.964,0.98,0.529,0.461,0.599,0.29,0.962,0.966,0.587,0.355,2
2026-02-19 17:20:48,0.965,0.986,0.526,0.471,0.609,0.307,0.963,0.966,0.478,0.414,2
2026-02-19 17:21:49,0.966,0.995,0.537,0.471,0.618,0.341,0.967,1,0.586,0.38,2
2026-02-19 17:22:49,0.965,1,0.537,0.49,0.618,0.383,0.961,0.966,0.513,0.457,2
2026-02-19 17:23:50,0.966,0.988,0.516,0.554,0.597,0.421,0.965,0.828,0.351,0.656,2
2026-02-19 17:24:52,0.967,0.982,0.492,0.618,0.564,0.45,0.968,0.862,0.313,0.705,2
2026-02-19 17:25:58,0.968,0.972,0.473,0.713,0.513,0.462,0.968,0.828,0.328,0.884,2
2026-02-19 17:27:02,0.968,0.956,0.453,0.817,0.445,0.452,0.968,0.759,0.309,0.998,2
2026-02-19 17:28:03,0.97,0.929,0.426,0.901,0.367,0.42,0.974,0.655,0.247,1,2
2026-02-19 17:29:05,0.973,0.909,0.404,0.959,0.282,0.367,0.98,0.69,0.253,0.965,2
2026-02-19 17:30:06,0.975,0.891,0.393,0.984,0.195,0.297,0.983,0.69,0.331,0.875,2
2026-02-19 17:31:08,0.977,0.878,0.378,1,0.121,0.216,0.983,0.724,0.285,0.861,2
2026-02-19 17:32:09,0.979,0.867,0.365,0.996,0.0712,0.137,0.984,0.724,0.289,0.792,2
2026-02-19 17:33:09,0.981,0.853,0.354,0.969,0.0331,0.0685,0.985,0.69,0.298,0.698,2
2026-02-19 17:34:15,0.982,0.849,0.344,0.935,0.0145,0.0217,0.985,0.759,0.29,0.644,2
2026-02-19 17:35:16,0.984,0.841,0.333,0.898,0.00223,0,0.986,0.724,0.285,0.606,2
2026-02-19 17:36:20,0.984,0.837,0.325,0.859,0,0.00288,0.983,0.759,0.288,0.57,2
2026-02-19 17:37:20,0.984,0.838,0.315,0.817,0.0141,0.0295,0.981,0.793,0.279,0.527,2
2026-02-19 17:38:22,0.985,0.831,0.313,0.772,0.0239,0.0746,0.983,0.724,0.322,0.476,2
2026-02-19 17:39:23,0.985,0.828,0.316,0.725,0.0389,0.134,0.983,0.759,0.363,0.437,2
2026-02-19 17:40:24,0.984,0.83,0.342,0.675,0.0581,0.204,0.977,0.793,0.544,0.382,2
2026-02-19 17:41:24,0.983,0.832,0.368,0.636,0.0762,0.278,0.976,0.793,0.555,0.388,2
2026-02-19 17:42:25,0.982,0.829,0.369,0.65,0.0975,0.354,0.974,0.759,0.39,0.572,2
2026-02-19 17:43:26,0.981,0.827,0.371,0.67,0.117,0.429,0.977,0.759,0.402,0.609,2
2026-02-19 17:44:28,0.98,0.825,0.379,0.681,0.13,0.499,0.974,0.759,0.445,0.584,2
2026-02-19 17:45:29,0.979,0.823,0.386,0.685,0.138,0.561,0.972,0.759,0.442,0.569,2
2026-02-19 17:46:40,0.978,0.825,0.405,0.676,0.151,0.615,0.972,0.793,0.537,0.517,2
2026-02-19 17:47:42,0.976,0.831,0.419,0.672,0.172,0.661,0.965,0.828,0.519,0.53,2
2026-02-19 17:48:43,0.976,0.825,0.423,0.674,0.185,0.7,0.973,0.724,0.451,0.551,2
2026-02-19 17:49:46,0.976,0.823,0.429,0.673,0.198,0.733,0.972,0.759,0.466,0.54,2
2026-02-19 17:50:47,0.975,0.825,0.448,0.657,0.209,0.763,0.969,0.793,0.578,0.482,2
2026-02-19 17:51:47,0.975,0.827,0.463,0.635,0.214,0.785,0.973,0.793,0.556,0.441,2
2026-02-19 17:52:48,0.975,0.833,0.464,0.623,0.233,0.804,0.972,0.828,0.464,0.468,2
2026-02-19 17:53:48,0.975,0.834,0.464,0.63,0.253,0.82,0.973,0.793,0.452,0.531,2
2026-02-19 17:54:49,0.975,0.835,0.462,0.63,0.27,0.836,0.973,0.793,0.438,0.509,2
2026-02-19 17:55:49,0.975,0.844,0.467,0.616,0.293,0.853,0.973,0.862,0.492,0.454,2
2026-02-19 17:56:49,0.976,0.852,0.467,0.6,0.316,0.871,0.974,0.862,0.455,0.434,2
2026-02-19 17:57:50,0.975,0.856,0.47,0.59,0.34,0.889,0.972,0.828,0.481,0.447,2
2026-02-19 17:58:50,0.976,0.858,0.47,0.595,0.363,0.908,0.976,0.828,0.461,0.498,2
2026-02-19 17:59:50,0.976,0.865,0.468,0.614,0.381,0.926,0.974,0.862,0.446,0.557,2
2026-02-19 18:00:50,0.976,0.863,0.467,0.639,0.386,0.939,0.975,0.793,0.448,0.599,2
2026-02-19 18:01:51,0.977,0.869,0.477,0.667,0.394,0.947,0.978,0.862,0.533,0.631,2
2026-02-19 18:02:52,0.978,0.871,0.468,0.713,0.399,0.948,0.978,0.828,0.397,0.726,2
2026-02-19 18:03:52,0.979,0.864,0.466,0.743,0.389,0.939,0.982,0.759,0.44,0.696,2
2026-02-19 18:04:52,0.98,0.87,0.474,0.758,0.389,0.924,0.98,0.862,0.516,0.664,2
2026-02-19 18:05:52,0.981,0.864,0.469,0.775,0.375,0.903,0.982,0.759,0.427,0.684,2
2026-02-19 18:06:52,0.982,0.866,0.468,0.78,0.363,0.875,0.983,0.828,0.452,0.645,2
2026-02-19 18:07:52,0.983,0.872,0.473,0.765,0.366,0.846,0.985,0.862,0.5,0.57,2
2026-02-19 18:08:52,0.983,0.877,0.489,0.734,0.368,0.819,0.981,0.862,0.581,0.496,2
2026-02-19 18:09:53,0.984,0.874,0.487,0.717,0.373,0.795,0.982,0.793,0.458,0.525,2
2026-02-19 18:10:54,0.984,0.867,0.476,0.72,0.368,0.778,0.983,0.759,0.392,0.593,2
2026-02-19 18:11:55,0.984,0.861,0.464,0.732,0.35,0.76,0.979,0.759,0.374,0.63,2
2026-02-19 18:12:55,0.984,0.852,0.46,0.745,0.318,0.738,0.98,0.724,0.421,0.644,2
2026-02-19 18:13:56,0.983,0.847,0.452,0.754,0.287,0.709,0.979,0.759,0.393,0.641,2
2026-02-19 18:14:56,0.983,0.851,0.455,0.753,0.271,0.674,0.979,0.828,0.468,0.604,2
2026-02-19 18:15:57,0.982,0.858,0.45,0.754,0.271,0.639,0.977,0.862,0.408,0.614,2
2026-02-19 18:16:57,0.982,0.861,0.447,0.758,0.285,0.614,0.977,0.828,0.419,0.625,2
2026-02-19 18:17:57,0.981,0.863,0.45,0.75,0.306,0.605,0.976,0.828,0.465,0.583,2
2026-02-19 18:18:57,0.98,0.869,0.461,0.73,0.327,0.611,0.974,0.862,0.53,0.523,2
2026-02-19 18:19:57,0.98,0.875,0.481,0.698,0.344,0.631,0.974,0.862,0.606,0.463,2
2026-02-19 18:20:57,0.978,0.884,0.492,0.66,0.366,0.659,0.97,0.897,0.551,0.412,2
2026-02-19 18:21:57,0.977,0.892,0.495,0.634,0.393,0.692,0.97,0.897,0.498,0.429,2
2026-02-19 18:22:57,0.977,0.895,0.507,0.614,0.413,0.728,0.973,0.862,0.575,0.434,2
2026-02-19 18:23:58,0.976,0.902,0.514,0.601,0.433,0.764,0.97,0.897,0.538,0.443,2
2026-02-19 18:24:58,0.976,0.908,0.523,0.605,0.448,0.797,0.972,0.897,0.558,0.502,2
2026-02-19 18:25:58,0.976,0.91,0.523,0.629,0.455,0.824,0.972,0.862,0.506,0.588,2
2026-02-19 18:26:58,0.975,0.911,0.521,0.657,0.458,0.844,0.972,0.862,0.482,0.623,2
2026-02-19 18:27:58,0.976,0.916,0.521,0.674,0.46,0.855,0.974,0.897,0.495,0.598,2
2026-02-19 18:28:58,0.976,0.921,0.519,0.688,0.459,0.857,0.973,0.897,0.484,0.605,2
2026-02-19 18:29:58,0.976,0.929,0.519,0.702,0.466,0.854,0.974,0.931,0.503,0.612,2
2026-02-19 18:30:59,0.976,0.936,0.518,0.706,0.48,0.849,0.974,0.931,0.486,0.583,2
2026-02-19 18:31:59,0.976,0.947,0.529,0.711,0.497,0.846,0.973,0.966,0.578,0.59,2
2026-02-19 18:33:00,0.976,0.949,0.53,0.721,0.51,0.846,0.976,0.897,0.514,0.619,2
2026-02-19 18:34:01,0.977,0.95,0.53,0.753,0.513,0.848,0.976,0.897,0.502,0.712,2
2026-02-19 18:35:01,0.977,0.936,0.526,0.78,0.492,0.845,0.977,0.759,0.476,0.717,3
2026-02-19 18:36:01,0.978,0.923,0.526,0.795,0.446,0.828,0.978,0.759,0.504,0.693,3
2026-02-19 18:37:02,0.98,0.915,0.531,0.797,0.395,0.794,0.983,0.793,0.538,0.651,3
2026-02-19 18:38:03,0.981,0.912,0.537,0.784,0.344,0.741,0.981,0.828,0.552,0.594,3
2026-02-19 18:39:03,0.982,0.909,0.547,0.761,0.31,0.676,0.983,0.828,0.585,0.54,3
2026-02-19 18:40:04,0.983,0.907,0.552,0.73,0.292,0.611,0.986,0.828,0.559,0.492,3
2026-02-19 18:41:05,0.984,0.901,0.559,0.715,0.278,0.553,0.986,0.793,0.573,0.527,3
2026-02-19 18:42:05,0.985,0.899,0.559,0.732,0.266,0.51,0.985,0.828,0.527,0.648,3
2026-02-19 18:43:05,0.987,0.894,0.557,0.777,0.253,0.48,0.99,0.793,0.511,0.774,3
2026-02-19 18:44:05,0.989,0.885,0.556,0.818,0.234,0.46,0.994,0.759,0.518,0.795,3
2026-02-19 18:45:05,0.99,0.881,0.557,0.845,0.219,0.448,0.992,0.793,0.539,0.77,3
2026-02-19 18:46:06,0.991,0.874,0.553,0.857,0.199,0.438,0.994,0.759,0.497,0.735,3
2026-02-19 18:47:06,0.992,0.863,0.543,0.872,0.175,0.43,0.994,0.724,0.446,0.753,3
2026-02-19 18:48:06,0.994,0.853,0.533,0.883,0.153,0.423,0.995,0.724,0.439,0.748,3
2026-02-19 18:49:07,0.995,0.849,0.522,0.879,0.132,0.414,0.996,0.759,0.419,0.698,3
2026-02-19 18:50:08,0.995,0.844,0.511,0.895,0.117,0.407,0.993,0.759,0.414,0.776,3
2026-02-19 18:51:08,0.995,0.833,0.498,0.933,0.102,0.402,0.994,0.69,0.397,0.88,3
2026-02-19 18:52:08,0.996,0.822,0.488,0.962,0.0875,0.4,0.994,0.69,0.404,0.87,3
2026-02-19 18:53:08,0.996,0.813,0.483,0.968,0.0691,0.401,0.993,0.69,0.431,0.801,3
2026-02-19 18:54:08,0.996,0.804,0.482,0.948,0.0476,0.401,0.994,0.69,0.464,0.704,3
2026-02-19 18:55:09,0.995,0.797,0.486,0.911,0.0328,0.403,0.991,0.69,0.502,0.617,3
2026-02-19 18:56:09,0.995,0.79,0.504,0.863,0.0236,0.405,0.99,0.69,0.603,0.542,3
2026-02-19 18:57:09,0.995,0.78,0.529,0.809,0.0146,0.409,0.991,0.655,0.677,0.483,3
2026-02-19 18:58:09,0.994,0.778,0.557,0.75,0.0146,0.418,0.991,0.724,0.719,0.412,3
2026-02-19 18:59:09,0.993,0.777,0.589,0.689,0.022,0.433,0.986,0.724,0.773,0.36,3
2026-02-19 19:00:09,0.993,0.776,0.611,0.638,0.0354,0.455,0.986,0.724,0.717,0.354,3
2026-02-19 19:01:10,0.992,0.775,0.635,0.596,0.0578,0.485,0.987,0.724,0.75,0.344,3
2026-02-19 19:02:10,0.991,0.775,0.649,0.568,0.0785,0.524,0.984,0.724,0.692,0.369,3
2026-02-19 19:03:10,0.991,0.77,0.665,0.557,0.093,0.567,0.989,0.69,0.712,0.416,3
2026-02-19 19:04:10,0.991,0.77,0.666,0.553,0.107,0.611,0.986,0.724,0.616,0.434,3
2026-02-19 19:05:10,0.991,0.769,0.683,0.546,0.12,0.653,0.989,0.724,0.741,0.419,3
2026-02-19 19:06:10,0.992,0.769,0.703,0.53,0.133,0.69,0.991,0.724,0.775,0.376,3
2026-02-19 19:07:10,0.992,0.769,0.718,0.51,0.15,0.723,0.989,0.724,0.748,0.349,3
2026-02-19 19:08:11,0.992,0.765,0.712,0.497,0.16,0.752,0.991,0.69,0.607,0.362,3
2026-02-19 19:09:11,0.993,0.761,0.709,0.49,0.166,0.775,0.992,0.69,0.618,0.371,3
2026-02-19 19:10:11,0.993,0.762,0.716,0.48,0.171,0.793,0.992,0.724,0.698,0.357,3
2026-02-19 19:11:11,0.994,0.762,0.729,0.465,0.178,0.805,0.993,0.724,0.746,0.329,3
2026-02-19 19:12:11,0.994,0.763,0.744,0.443,0.188,0.813,0.994,0.724,0.766,0.288,3
2026-02-19 19:13:11,0.994,0.759,0.756,0.416,0.198,0.819,0.991,0.69,0.765,0.249,3
2026-02-19 19:14:11,0.994,0.76,0.746,0.393,0.207,0.823,0.991,0.724,0.601,0.244,3
2026-02-19 19:15:11,0.994,0.761,0.751,0.378,0.216,0.827,0.992,0.724,0.71,0.258,3
2026-02-19 19:16:12,0.994,0.761,0.763,0.363,0.224,0.83,0.99,0.724,0.759,0.246,3
2026-02-19 19:17:12,0.993,0.762,0.774,0.347,0.235,0.833,0.988,0.724,0.766,0.23,3
2026-02-19 19:18:12,0.993,0.763,0.785,0.332,0.245,0.835,0.99,0.724,0.78,0.219,3
2026-02-19 19:19:12,0.993,0.771,0.797,0.317,0.263,0.838,0.989,0.793,0.791,0.209,3
2026-02-19 19:20:12,0.993,0.763,0.805,0.305,0.269,0.842,0.989,0.655,0.768,0.206,3
2026-02-19 19:21:12,0.992,0.767,0.81,0.294,0.278,0.846,0.988,0.759,0.75,0.203,3
2026-02-19 19:22:12,0.992,0.771,0.815,0.285,0.291,0.849,0.989,0.759,0.763,0.202,3
2026-02-19 19:23:12,0.992,0.774,0.808,0.29,0.297,0.851,0.99,0.759,0.664,0.251,3
2026-02-19 19:24:13,0.993,0.77,0.798,0.304,0.306,0.852,0.99,0.69,0.641,0.29,3
2026-02-19 19:25:13,0.993,0.762,0.788,0.319,0.301,0.85,0.991,0.655,0.635,0.306,3
2026-02-19 19:26:17,0.993,0.762,0.777,0.332,0.292,0.842,0.992,0.724,0.615,0.313,3
2026-02-19 19:27:13,0.994,0.755,0.763,0.349,0.271,0.828,0.993,0.655,0.586,0.339,3
2026-02-19 19:28:13,0.994,0.748,0.751,0.364,0.25,0.804,0.994,0.655,0.592,0.341,3
2026-02-19 19:29:13,0.995,0.742,0.743,0.372,0.234,0.773,0.992,0.655,0.613,0.329,3
2026-02-19 19:30:13,0.995,0.741,0.743,0.373,0.217,0.739,0.993,0.69,0.669,0.306,3
2026-02-19 19:31:14,0.995,0.74,0.746,0.366,0.209,0.704,0.993,0.69,0.692,0.273,3
2026-02-19 19:32:14,0.995,0.738,0.753,0.353,0.208,0.675,0.993,0.69,0.718,0.242,3
2026-02-19 19:33:14,0.995,0.737,0.737,0.342,0.212,0.654,0.992,0.69,0.555,0.243,3
2026-02-19 19:34:14,0.994,0.733,0.731,0.338,0.212,0.641,0.988,0.655,0.616,0.262,3
2026-02-19 19:35:14,0.994,0.732,0.734,0.334,0.213,0.636,0.989,0.69,0.682,0.257,3
2026-02-19 19:36:14,0.993,0.728,0.743,0.327,0.211,0.635,0.988,0.655,0.733,0.24,3
2026-02-19 19:37:14,0.993,0.732,0.755,0.316,0.214,0.638,0.987,0.724,0.756,0.223,3
2026-02-19 19:38:15,0.992,0.727,0.765,0.305,0.218,0.642,0.986,0.655,0.758,0.212,3
2026-02-19 19:39:15,0.992,0.727,0.775,0.294,0.222,0.649,0.987,0.69,0.757,0.202,3
2026-02-19 19:40:15,0.991,0.731,0.786,0.284,0.234,0.658,0.988,0.724,0.778,0.198,3
2026-02-19 19:41:15,0.991,0.727,0.795,0.276,0.237,0.67,0.985,0.655,0.766,0.197,3
2026-02-19 19:42:15,0.99,0.723,0.797,0.276,0.239,0.682,0.985,0.655,0.72,0.224,3
2026-02-19 19:43:15,0.99,0.716,0.791,0.284,0.233,0.692,0.986,0.621,0.666,0.254,3
2026-02-19 19:44:16,0.99,0.717,0.787,0.293,0.225,0.697,0.987,0.69,0.673,0.267,3
2026-02-19 19:45:17,0.99,0.71,0.778,0.309,0.214,0.696,0.987,0.621,0.634,0.303,3
2026-02-19 19:46:18,0.99,0.708,0.769,0.336,0.207,0.69,0.989,0.655,0.623,0.36,3
2026-02-19 19:47:20,0.991,0.706,0.757,0.368,0.206,0.683,0.992,0.655,0.595,0.4,3
2026-02-19 19:48:24,0.992,0.704,0.749,0.392,0.202,0.675,0.991,0.655,0.618,0.396,3
2026-02-19 19:49:25,0.992,0.699,0.744,0.406,0.201,0.668,0.99,0.621,0.634,0.374,3
2026-02-19 19:50:26,0.993,0.69,0.742,0.413,0.191,0.663,0.994,0.586,0.658,0.357,3
2026-02-19 19:51:27,0.994,0.69,0.745,0.414,0.185,0.658,0.995,0.655,0.685,0.339,3
2026-02-19 19:52:30,0.995,0.69,0.753,0.411,0.181,0.652,0.997,0.655,0.73,0.323,3
2026-02-19 19:53:31,0.996,0.686,0.763,0.404,0.179,0.647,0.995,0.621,0.755,0.303,3
2026-02-19 19:54:35,0.996,0.69,0.773,0.394,0.192,0.646,0.996,0.69,0.756,0.288,3
2026-02-19 19:55:36,0.996,0.682,0.783,0.383,0.195,0.649,0.994,0.586,0.765,0.273,3
2026-02-19 19:56:37,0.997,0.683,0.792,0.37,0.199,0.655,0.997,0.655,0.767,0.26,3
2026-02-19 19:57:39,0.997,0.683,0.801,0.357,0.207,0.665,0.992,0.655,0.774,0.244,3
2026-02-19 19:58:40,0.996,0.684,0.808,0.343,0.21,0.675,0.993,0.655,0.77,0.232,3
2026-02-19 19:59:41,0.996,0.68,0.818,0.329,0.218,0.687,0.991,0.621,0.793,0.221,3
2026-02-19 20:00:41,0.995,0.677,0.824,0.315,0.221,0.698,0.988,0.621,0.771,0.212,3
2026-02-19 20:01:42,0.994,0.675,0.826,0.304,0.22,0.707,0.988,0.621,0.744,0.209,3
2026-02-19 20:02:42,0.994,0.672,0.824,0.296,0.216,0.713,0.99,0.621,0.71,0.216,3
2026-02-19 20:03:43,0.993,0.666,0.81,0.301,0.209,0.715,0.987,0.586,0.627,0.258,3
2026-02-19 20:04:44,0.993,0.66,0.799,0.309,0.199,0.712,0.989,0.586,0.634,0.278,3
2026-02-19 20:05:44,0.992,0.655,0.79,0.317,0.189,0.704,0.987,0.586,0.643,0.283,3
2026-02-19 20:06:45,0.992,0.651,0.781,0.324,0.177,0.692,0.986,0.586,0.632,0.285,3
2026-02-19 20:07:46,0.992,0.651,0.775,0.33,0.173,0.679,0.988,0.621,0.655,0.285,3
2026-02-19 20:08:50,0.991,0.643,0.77,0.335,0.167,0.667,0.988,0.552,0.654,0.288,3
2026-02-19 20:09:50,0.991,0.636,0.765,0.348,0.159,0.655,0.985,0.552,0.651,0.323,3
2026-02-19 20:10:57,0.991,0.629,0.757,0.36,0.151,0.645,0.99,0.552,0.617,0.33,3
2026-02-19 20:11:58,0.99,0.619,0.742,0.379,0.133,0.634,0.985,0.517,0.564,0.368,3
2026-02-19 20:12:58,0.992,0.615,0.732,0.402,0.119,0.622,0.995,0.552,0.596,0.4,3
2026-02-19 20:13:59,0.993,0.606,0.726,0.423,0.106,0.609,0.994,0.517,0.608,0.411,3
2026-02-19 20:15:00,0.994,0.607,0.721,0.439,0.101,0.597,0.994,0.586,0.616,0.406,3
2026-02-19 20:16:01,0.995,0.603,0.717,0.449,0.104,0.588,0.996,0.552,0.62,0.398,3
2026-02-19 20:17:03,0.995,0.6,0.712,0.454,0.108,0.584,0.996,0.552,0.611,0.385,3
2026-02-19 20:18:03,0.997,0.593,0.709,0.454,0.113,0.588,1,0.517,0.623,0.365,3
2026-02-19 20:19:05,0.998,0.591,0.708,0.449,0.115,0.597,0.997,0.552,0.633,0.349,3
2026-02-19 20:20:08,0.999,0.585,0.709,0.442,0.114,0.608,1,0.517,0.645,0.333,3
2026-02-19 20:21:09,0.999,0.584,0.714,0.432,0.116,0.62,0.997,0.552,0.683,0.319,3
2026-02-19 20:22:09,1,0.586,0.722,0.42,0.128,0.633,1,0.586,0.706,0.3,3
2026-02-19 20:23:11,1,0.581,0.715,0.406,0.134,0.647,0.999,0.517,0.596,0.285,3
2026-02-19 20:24:12,1,0.576,0.716,0.394,0.142,0.662,0.997,0.517,0.657,0.281,3
2026-02-19 20:25:13,1,0.571,0.73,0.391,0.145,0.677,0.996,0.517,0.757,0.306,3
2026-02-19 20:26:18,0.999,0.571,0.742,0.386,0.145,0.691,0.995,0.552,0.744,0.296,3
2026-02-19 20:27:21,0.998,0.571,0.759,0.377,0.151,0.702,0.99,0.552,0.798,0.276,3
2026-02-19 20:28:23,0.997,0.571,0.775,0.365,0.162,0.712,0.99,0.552,0.802,0.257,3
2026-02-19 20:29:25,0.996,0.571,0.791,0.352,0.176,0.723,0.991,0.552,0.814,0.242,3
2026-02-19 20:30:27,0.996,0.567,0.807,0.338,0.185,0.735,0.991,0.517,0.823,0.231,3
2026-02-19 20:31:28,0.995,0.568,0.822,0.325,0.194,0.748,0.99,0.552,0.835,0.22,3
2026-02-19 20:32:28,0.994,0.564,0.838,0.313,0.197,0.76,0.988,0.517,0.851,0.215,3
2026-02-19 20:33:29,0.994,0.565,0.853,0.302,0.201,0.768,0.989,0.552,0.852,0.207,3
2026-02-19 20:34:29,0.993,0.569,0.869,0.292,0.214,0.776,0.988,0.586,0.875,0.204,3
2026-02-19 20:35:30,0.993,0.573,0.883,0.283,0.23,0.783,0.988,0.586,0.866,0.2,3
2026-02-19 20:36:30,0.993,0.581,0.895,0.275,0.257,0.794,0.989,0.621,0.865,0.2,3
2026-02-19 20:37:31,0.992,0.572,0.907,0.269,0.27,0.808,0.988,0.483,0.874,0.2,3
2026-02-19 20:38:32,0.992,0.572,0.918,0.265,0.277,0.823,0.99,0.552,0.88,0.201,3
2026-02-19 20:40:12,0.992,0.572,0.928,0.261,0.279,0.834,0.989,0.552,0.873,0.196,3
2026-02-19 20:41:14,0.989,0.568,0.936,0.255,0.269,0.837,0.974,0.517,0.876,0.187,3
2026-02-19 20:42:15,0.988,0.572,0.942,0.248,0.273,0.834,0.982,0.586,0.856,0.181,3
2026-02-19 20:43:15,0.988,0.568,0.945,0.241,0.273,0.825,0.982,0.517,0.843,0.172,3
2026-02-19 20:44:15,0.988,0.568,0.948,0.232,0.273,0.814,0.985,0.552,0.843,0.161,3
2026-02-19 20:45:16,0.987,0.569,0.954,0.225,0.277,0.803,0.983,0.552,0.869,0.159,3
2026-02-19 20:46:16,0.987,0.565,0.958,0.219,0.272,0.792,0.982,0.517,0.857,0.158,3
2026-02-19 20:47:16,0.987,0.562,0.961,0.214,0.268,0.78,0.983,0.517,0.856,0.158,3
2026-02-19 20:48:17,0.986,0.555,0.965,0.21,0.257,0.766,0.982,0.483,0.867,0.158,3
2026-02-19 20:49:17,0.985,0.552,0.97,0.207,0.244,0.749,0.978,0.517,0.877,0.158,3
2026-02-19 20:50:18,0.985,0.554,0.974,0.205,0.238,0.731,0.98,0.552,0.865,0.158,3
2026-02-19 20:51:19,0.984,0.552,0.976,0.203,0.234,0.712,0.98,0.517,0.861,0.158,3
2026-02-19 20:52:21,0.984,0.55,0.98,0.201,0.237,0.696,0.979,0.517,0.875,0.159,3
2026-02-19 20:53:23,0.984,0.544,0.984,0.201,0.235,0.685,0.979,0.483,0.88,0.162,3
2026-02-19 20:54:23,0.984,0.539,0.987,0.202,0.225,0.676,0.98,0.483,0.871,0.165,3
2026-02-19 20:55:25,0.984,0.538,0.989,0.202,0.218,0.668,0.985,0.517,0.873,0.166,3
2026-02-19 20:56:27,0.984,0.538,0.993,0.203,0.214,0.661,0.981,0.517,0.881,0.168,3
2026-02-19 20:57:28,0.985,0.537,0.996,0.204,0.215,0.654,0.985,0.517,0.886,0.17,3
2026-02-19 20:58:29,0.985,0.537,0.999,0.206,0.222,0.651,0.984,0.517,0.883,0.17,3
2026-02-19 20:59:30,0.986,0.532,1,0.207,0.224,0.652,0.984,0.483,0.868,0.173,3
2026-02-19 21:00:32,0.986,0.532,1,0.208,0.226,0.656,0.984,0.517,0.861,0.173,3
2026-02-19 21:01:33,0.986,0.532,0.999,0.209,0.229,0.662,0.985,0.517,0.858,0.173,3
2026-02-19 21:02:33,0.987,0.532,0.997,0.21,0.232,0.669,0.986,0.517,0.847,0.173,3
2026-02-19 21:03:34,0.987,0.524,0.993,0.209,0.23,0.676,0.984,0.448,0.834,0.166,3
2026-02-19 21:04:35,0.987,0.525,0.989,0.206,0.23,0.681,0.985,0.517,0.825,0.156,3
2026-02-19 21:05:38,0.987,0.526,0.986,0.202,0.231,0.686,0.985,0.517,0.835,0.15,3
2026-02-19 21:06:38,0.986,0.522,0.985,0.197,0.228,0.688,0.98,0.483,0.846,0.146,3
2026-02-19 21:07:41,0.986,0.523,0.985,0.194,0.235,0.691,0.984,0.517,0.852,0.145,3
2026-02-19 21:08:42,0.986,0.52,0.984,0.191,0.237,0.694,0.979,0.483,0.843,0.146,3
2026-02-19 21:09:43,0.985,0.517,0.984,0.19,0.235,0.697,0.98,0.483,0.849,0.149,3
2026-02-19 21:10:43,0.985,0.515,0.986,0.189,0.234,0.699,0.981,0.483,0.866,0.151,3
2026-02-19 21:11:44,0.985,0.513,0.987,0.189,0.23,0.7,0.983,0.483,0.859,0.154,3
2026-02-19 21:12:44,0.985,0.511,0.988,0.189,0.227,0.699,0.984,0.483,0.86,0.154,3