timestamp,distance,temperature,co2,humidity,stage,growth
2026-02-28 15:51:29,99,26.7,565,74.1,0,0
2026-02-28 15:52:29,98,26.7,663,77.2,0,1
2026-02-28 15:53:30,96,26.9,652,78.8,0,3
2026-02-28 15:54:30,97,27.1,615,79.5,0,2
2026-02-28 15:55:31,97,27.3,574,80.0,0,2
2026-02-28 15:56:31,98,27.5,519,80.4,0,1
2026-02-28 15:57:31,96,27.7,494,80.5,0,3
2026-02-28 15:58:32,98,27.8,472,80.6,0,1
2026-02-28 15:59:32,98,28.0,458,80.6,0,1
2026-02-28 16:00:33,98,28.1,448,80.5,0,1
2026-02-28 16:01:33,98,28.3,441,80.4,0,1
2026-02-28 16:02:33,96,28.4,436,80.2,0,3
2026-02-28 16:03:33,96,28.6,440,80.1,0,3
2026-02-28 16:04:34,97,28.7,447,79.9,0,2
2026-02-28 16:05:34,97,28.8,442,79.7,0,2
2026-02-28 16:06:35,97,28.9,441,79.6,0,2
2026-02-28 16:07:35,96,29.0,444,79.4,0,3
2026-02-28 16:08:36,96,29.1,446,79.3,0,3
2026-02-28 16:09:36,97,29.2,451,79.0,0,2
2026-02-28 16:10:37,96,29.3,457,78.9,0,3
2026-02-28 16:11:37,96,29.4,464,78.7,0,3
2026-02-28 16:12:38,96,29.5,466,78.5,0,3
2026-02-28 16:13:38,96,29.6,470,78.2,0,3
2026-02-28 16:14:39,98,29.6,471,78.0,0,1
2026-02-28 16:15:39,98,29.7,470,77.8,0,1
2026-02-28 16:16:39,96,29.7,470,77.5,0,3
2026-02-28 16:17:40,97,29.8,478,77.3,0,2
2026-02-28 16:18:40,97,29.9,481,77.0,0,2
2026-02-28 16:19:40,97,29.9,483,76.8,0,2
2026-02-28 16:20:41,96,29.9,486,76.6,0,3
2026-02-28 16:21:41,97,30.0,491,76.4,0,2
2026-02-28 16:22:41,98,30.0,495,76.2,0,1
2026-02-28 16:23:42,96,30.0,500,76.0,0,3
2026-02-28 16:24:42,98,30.1,504,75.9,0,1
2026-02-28 16:25:43,97,30.1,509,75.7,0,2
2026-02-28 16:26:43,98,30.1,515,75.5,0,1
2026-02-28 16:27:44,97,30.2,522,75.4,0,2
2026-02-28 16:28:44,98,30.2,521,75.3,0,1
2026-02-28 16:29:45,97,30.2,525,75.2,0,2
2026-02-28 16:30:45,96,30.2,531,75.1,0,3
2026-02-28 16:31:46,96,30.2,534,74.9,0,3
2026-02-28 16:32:46,98,30.2,540,74.9,0,1
2026-02-28 16:33:47,97,30.3,544,74.8,0,2
2026-02-28 16:34:47,97,30.2,547,74.7,0,2
2026-02-28 16:35:48,97,30.3,554,74.6,0,2
2026-02-28 16:36:49,98,30.3,558,74.5,0,1
2026-02-28 16:37:49,96,30.3,567,74.4,0,3
2026-02-28 16:38:50,96,30.3,574,74.4,0,3
2026-02-28 16:39:50,95,30.3,577,74.3,0,4
2026-02-28 16:40:51,96,30.3,580,74.2,0,3
2026-02-28 16:41:51,95,30.3,586,74.1,0,4
2026-02-28 16:42:52,97,30.3,597,74.0,0,2
2026-02-28 16:43:52,95,30.3,596,73.9,0,4
2026-02-28 16:44:52,95,30.3,604,73.8,0,4
2026-02-28 16:45:53,96,30.3,611,73.7,0,3
2026-02-28 16:46:53,95,30.3,623,73.7,0,4
2026-02-28 16:47:53,96,30.3,626,73.6,0,3
2026-02-28 16:48:54,94,30.3,627,73.6,0,5
2026-02-28 16:49:54,95,30.3,634,73.4,0,4
2026-02-28 16:50:54,94,30.3,641,73.4,0,5
2026-02-28 16:51:54,93,30.3,651,73.4,0,6
2026-02-28 16:52:55,95,30.3,666,73.4,0,4
2026-02-28 16:53:55,95,30.3,674,73.2,0,4
2026-02-28 16:54:55,95,30.3,786,73.2,0,4
2026-02-28 16:55:56,94,30.3,904,73.3,0,5
2026-02-28 16:56:56,94,30.3,930,73.3,0,5
2026-02-28 16:57:57,93,30.4,945,73.2,1,6
2026-02-28 16:58:57,94,30.4,940,73.2,1,5
2026-02-28 16:59:58,95,30.3,915,73.3,1,4
2026-02-28 17:00:58,95,30.4,888,73.2,1,4
2026-02-28 17:01:59,96,30.4,856,73.4,1,3
2026-02-28 17:02:59,95,30.4,833,73.4,1,4
2026-02-28 17:04:00,96,30.4,817,73.3,1,3
2026-02-28 17:05:00,95,30.4,804,73.2,1,4
2026-02-28 17:06:01,93,30.5,795,73.0,1,6
2026-02-28 17:07:01,93,30.5,784,73.0,1,6
2026-02-28 17:08:02,93,30.5,777,73.1,1,6
2026-02-28 17:09:02,92,30.5,770,73.0,1,7
2026-02-28 17:10:03,92,30.6,762,73.0,1,7
2026-02-28 17:11:03,92,30.6,758,72.9,1,7
2026-02-28 17:12:04,93,30.6,759,72.8,1,6
2026-02-28 17:13:04,91,30.6,753,72.8,1,8
2026-02-28 17:14:05,91,30.7,753,72.7,1,8
2026-02-28 17:15:05,90,30.7,760,72.6,1,9
2026-02-28 17:16:05,92,30.7,763,72.5,1,7
2026-02-28 17:17:05,90,30.7,779,72.4,1,9
2026-02-28 17:18:06,90,30.7,791,72.4,1,9
2026-02-28 17:19:06,89,30.7,792,72.3,1,10
2026-02-28 17:20:06,90,30.7,794,72.2,1,9
2026-02-28 17:21:06,90,30.7,804,72.2,1,9
2026-02-28 17:22:06,89,30.7,816,72.1,1,10
2026-02-28 17:23:07,89,30.8,823,72.0,1,10
2026-02-28 17:24:07,88,30.8,831,71.9,1,11
2026-02-28 17:25:07,88,30.8,838,71.8,1,11
2026-02-28 17:26:07,88,30.8,841,71.7,1,11
2026-02-28 17:27:08,89,30.8,842,71.6,1,10
2026-02-28 17:28:08,87,30.8,847,71.6,1,12
2026-02-28 17:29:08,87,30.8,851,71.5,1,12
2026-02-28 17:30:08,87,30.8,854,71.5,1,12
2026-02-28 17:31:09,88,30.8,858,71.5,1,11
2026-02-28 17:32:09,86,30.8,867,71.5,1,13
2026-02-28 17:33:09,87,30.8,870,71.4,1,12
2026-02-28 17:34:09,86,30.8,872,71.4,1,13
2026-02-28 17:35:10,86,30.8,880,71.3,1,13
2026-02-28 17:36:10,86,30.8,901,71.3,1,13
2026-02-28 17:37:10,86,30.8,919,71.3,1,13
2026-02-28 17:38:10,87,30.8,937,71.2,1,12
2026-02-28 17:39:10,85,30.8,941,71.2,1,14
2026-02-28 17:40:10,84,30.8,942,71.2,1,15
2026-02-28 17:41:10,86,30.8,943,71.2,1,13
2026-02-28 17:42:11,82,30.7,942,71.2,1,17
2026-02-28 17:43:11,83,30.8,945,71.2,1,16
2026-02-28 17:44:11,82,30.7,950,71.2,1,17
2026-02-28 17:45:12,83,30.7,953,71.2,1,16
2026-02-28 17:46:12,85,30.7,965,71.2,1,14
2026-02-28 17:47:13,84,30.7,966,71.2,1,15
2026-02-28 17:48:13,84,30.7,967,71.2,1,15
2026-02-28 17:49:14,81,30.7,977,71.2,1,18
2026-02-28 17:50:14,82,30.7,982,71.2,1,17
2026-02-28 17:51:14,82,30.7,997,71.2,1,17
2026-02-28 17:52:15,81,30.7,1012,71.2,1,18
2026-02-28 17:53:15,81,30.7,1025,71.2,1,18
2026-02-28 17:54:15,81,30.7,1042,71.0,1,18
2026-02-28 17:55:16,82,30.7,1130,71.1,1,17
2026-02-28 17:56:16,80,30.6,1162,71.1,1,19
2026-02-28 17:57:17,81,30.6,1184,71.1,1,18
2026-02-28 17:58:17,81,30.6,1202,71.2,1,18
2026-02-28 17:59:17,81,30.6,1212,71.2,1,18
2026-02-28 18:00:17,81,30.6,1212,71.1,1,18
2026-02-28 18:01:18,80,30.6,1221,70.7,1,19
2026-02-28 18:02:19,81,30.6,1752,70.5,1,18
2026-02-28 18:03:19,80,30.6,1913,71.0,1,19
2026-02-28 18:04:19,80,30.6,1885,71.1,1,19
2026-02-28 18:05:20,80,30.6,2318,69.8,1,19
2026-02-28 18:06:20,79,30.6,2969,70.9,2,20
2026-02-28 18:07:20,80,30.6,2762,71.2,2,19
2026-02-28 18:08:21,79,30.6,2466,71.4,2,20
2026-02-28 18:09:21,79,30.6,2291,71.5,2,20
2026-02-28 18:10:22,77,30.6,2226,71.4,2,22
2026-02-28 18:11:22,78,30.6,2139,71.6,2,21
2026-02-28 18:12:23,79,30.6,2037,71.6,2,20
2026-02-28 18:13:23,77,30.5,3723,70.4,2,22
2026-02-28 18:14:24,79,30.6,6250,70.0,2,20
2026-02-28 18:15:24,79,30.6,6381,69.7,2,20
2026-02-28 18:16:24,80,30.6,6729,69.6,2,19
2026-02-28 18:17:25,79,30.6,7939,69.2,2,20
2026-02-28 18:18:25,78,30.7,9264,69.1,2,21
2026-02-28 18:19:26,77,30.7,8324,69.1,2,22
2026-02-28 18:20:26,78,30.7,8028,68.7,2,21
2026-02-28 18:21:27,81,30.8,12058,68.5,2,18
2026-02-28 18:22:27,82,30.8,12142,68.6,2,17
2026-02-28 18:23:28,82,30.8,10381,68.6,2,17
2026-02-28 18:24:28,81,30.8,8692,68.7,2,18
2026-02-28 18:25:29,81,30.8,7454,68.4,2,18
2026-02-28 18:26:29,79,30.8,6761,68.7,2,20
2026-02-28 18:27:29,80,30.8,6145,68.5,2,19
2026-02-28 18:28:30,79,30.9,6583,68.3,2,20
2026-02-28 18:29:30,81,30.9,11670,68.2,2,18
2026-02-28 18:30:30,81,30.9,12009,68.1,2,18
2026-02-28 18:31:31,80,30.9,10894,68.0,2,19
2026-02-28 18:32:31,80,30.9,9875,67.9,2,19
2026-02-28 18:33:32,79,30.9,8525,68.2,2,20
2026-02-28 18:34:32,81,30.9,12150,67.6,2,18
2026-02-28 18:35:32,82,31.0,19566,67.6,2,17
2026-02-28 18:36:33,83,31.0,19265,67.3,2,16
2026-02-28 18:37:33,81,31.0,18028,67.4,2,18
2026-02-28 18:38:33,82,31.0,17210,67.2,2,17
2026-02-28 18:39:33,81,31.0,18569,67.5,2,18
2026-02-28 18:40:34,83,31.0,20301,66.9,2,16
2026-02-28 18:41:34,84,31.0,19047,66.9,2,15
2026-02-28 18:42:35,85,31.0,21246,67.3,2,14
2026-02-28 18:43:35,86,31.0,21120,67.0,2,13
2026-02-28 18:44:36,86,31.0,18794,67.0,2,13
2026-02-28 18:45:36,84,31.0,15968,67.0,2,15
2026-02-28 18:46:36,83,31.0,13722,67.0,2,16
2026-02-28 18:47:37,83,31.0,11709,67.0,2,16
2026-02-28 18:48:37,83,31.0,10477,67.0,2,16
2026-02-28 18:49:38,83,31.0,14959,66.9,2,16
2026-02-28 18:50:38,82,31.0,15475,66.9,2,17
2026-02-28 18:51:39,83,31.0,15386,66.9,2,16
2026-02-28 18:52:39,83,31.0,14913,67.0,2,16
2026-02-28 18:53:39,82,31.0,14836,66.7,2,17
2026-02-28 18:54:40,83,31.0,15146,66.7,2,16
2026-02-28 18:55:40,83,31.0,15063,66.8,2,16
2026-02-28 18:56:41,82,31.0,13805,66.8,2,17
2026-02-28 18:57:41,81,31.0,12483,66.8,2,18
2026-02-28 18:58:42,81,30.9,11140,66.8,2,18
2026-02-28 18:59:42,81,30.9,10191,66.9,2,18
2026-02-28 19:00:42,81,30.9,10547,66.7,2,18
2026-02-28 19:01:43,81,30.9,10542,66.7,2,18
2026-02-28 19:02:43,82,30.9,9962,66.7,2,17
2026-02-28 19:03:44,82,31.0,9180,66.8,2,17
2026-02-28 19:04:44,82,30.9,8631,66.9,2,17
2026-02-28 19:05:45,82,30.9,8519,67.0,2,17
2026-02-28 19:06:45,81,30.9,7724,67.2,2,18
2026-02-28 19:07:45,81,30.9,6701,67.6,2,18
2026-02-28 19:08:46,80,30.9,5974,67.5,2,19
2026-02-28 19:09:46,82,30.9,6096,67.4,2,17
2026-02-28 19:10:47,80,30.9,6095,67.8,2,19
2026-02-28 19:11:47,81,30.9,6140,67.8,2,18
2026-02-28 19:12:47,81,30.9,7426,67.3,2,18
2026-02-28 19:13:48,79,30.9,7501,67.5,2,20
2026-02-28 19:14:48,80,30.8,7021,67.7,2,19
2026-02-28 19:15:49,79,30.8,6530,67.3,2,20
2026-02-28 19:16:49,80,30.8,8596,66.9,2,19
2026-02-28 19:17:50,81,30.8,9385,67.4,2,18
2026-02-28 19:18:50,79,30.8,9512,67.3,2,20
2026-02-28 19:19:51,79,30.8,8893,68.2,2,20
2026-02-28 19:20:51,80,30.8,10027,67.4,2,19
2026-02-28 19:21:52,80,30.8,11084,67.7,2,19
2026-02-28 19:22:52,79,30.8,10973,67.5,2,20
2026-02-28 19:23:53,78,30.8,9967,67.4,2,21
2026-02-28 19:24:53,79,30.8,9972,67.1,2,20
2026-02-28 19:25:54,79,30.8,13739,67.3,2,20
2026-02-28 19:26:54,79,30.8,14335,67.2,2,20
2026-02-28 19:27:55,80,30.7,15532,67.4,2,19
2026-02-28 19:28:55,80,30.8,18196,67.3,2,19
2026-02-28 19:29:56,82,30.8,17407,67.4,2,17
2026-02-28 19:30:56,81,30.7,14979,67.5,2,18
2026-02-28 19:31:56,81,30.7,17736,67.8,2,18
2026-02-28 19:32:57,80,30.7,18186,67.9,2,19
2026-02-28 19:33:57,81,30.7,20631,68.3,2,18
2026-02-28 19:36:13,82,30.7,21244,67.8,2,17
2026-02-28 19:37:13,82,30.7,19009,67.8,2,17
2026-02-28 19:38:14,81,30.7,16741,67.7,2,18
2026-02-28 19:39:14,82,30.7,15767,67.8,2,17
2026-02-28 19:40:15,81,30.7,14254,67.9,2,18
2026-02-28 19:41:15,81,30.7,14426,68.2,2,18
2026-02-28 19:42:16,82,30.8,12994,68.0,2,17
2026-02-28 19:43:16,80,30.8,12023,68.0,2,19
2026-02-28 19:44:17,82,30.8,17421,68.5,2,17
2026-02-28 19:45:17,84,30.8,20719,68.0,2,15
2026-02-28 19:46:18,83,30.8,20210,68.2,2,16
2026-02-28 19:47:18,84,30.9,20505,68.0,2,15
2026-02-28 19:48:19,83,30.9,20481,67.9,2,16
2026-02-28 19:49:19,82,30.9,20126,67.9,2,17
2026-02-28 19:50:20,82,30.9,18220,68.0,2,17
2026-02-28 19:51:20,81,31.0,17085,68.0,2,18
2026-02-28 19:52:21,82,31.0,17552,67.9,2,17
2026-02-28 19:53:21,83,31.0,18665,67.6,2,16
2026-02-28 19:54:22,82,31.0,19819,67.6,2,17
2026-02-28 19:55:22,84,31.1,18919,67.6,2,15
2026-02-28 19:56:23,82,31.1,17143,67.6,2,17
2026-02-28 19:57:23,83,31.1,16696,67.6,2,16
2026-02-28 19:58:24,82,31.1,16160,67.9,2,17
2026-02-28 19:59:24,82,31.1,17006,67.5,2,17
2026-02-28 20:00:25,83,31.1,16652,67.7,2,16
2026-02-28 20:01:25,83,31.1,17192,67.2,2,16
2026-02-28 20:02:26,83,31.2,16226,67.3,2,16
2026-02-28 20:03:26,81,31.2,14511,67.2,2,18
2026-02-28 20:04:27,82,31.2,14553,66.9,2,17
2026-02-28 20:05:27,83,31.2,14679,67.0,2,16
2026-02-28 20:06:28,83,31.2,16084,66.9,2,16
2026-02-28 20:07:28,83,31.2,15609,66.9,2,16
2026-02-28 20:08:29,83,31.2,14456,66.9,2,16
2026-02-28 20:09:29,81,31.2,13758,66.8,2,18
2026-02-28 20:10:30,82,31.2,14230,66.8,2,17
2026-02-28 20:11:30,84,31.2,13877,66.8,2,15
2026-02-28 20:12:31,82,31.2,13173,66.8,2,17
2026-02-28 20:13:31,83,31.2,12707,66.9,2,16
2026-02-28 20:14:32,82,31.2,12785,66.7,2,17
2026-02-28 20:15:33,82,31.2,14832,66.8,2,17
2026-02-28 20:16:33,82,31.2,16065,66.8,2,17
2026-02-28 20:17:34,82,31.2,14911,67.2,2,17
2026-02-28 20:18:34,83,31.2,15037,67.0,2,16
2026-02-28 20:19:35,82,31.2,15883,67.1,2,17
2026-02-28 20:20:35,83,31.2,15867,66.9,2,16
2026-02-28 20:21:36,82,31.2,14459,66.9,2,17
2026-02-28 20:22:36,82,31.2,14748,66.7,2,17
2026-02-28 20:23:37,83,31.2,15468,67.0,2,16
2026-02-28 20:24:37,82,31.2,17008,67.1,2,17
2026-02-28 20:25:37,84,31.2,17800,66.9,2,15
2026-02-28 20:26:38,82,31.2,16462,66.9,2,17
2026-02-28 20:27:38,82,31.2,14542,66.9,2,17
2026-02-28 20:28:39,82,31.2,12832,66.9,2,17
2026-02-28 20:29:39,80,31.2,12405,66.8,2,19
2026-02-28 20:30:40,81,31.2,12387,66.9,2,18
2026-02-28 20:31:40,81,31.2,11689,67.0,2,18
2026-02-28 20:32:41,82,31.1,10738,67.1,2,17
2026-02-28 20:33:42,79,31.1,9758,67.2,2,20
2026-02-28 20:34:42,80,31.1,10166,67.1,2,19
2026-02-28 20:35:43,80,31.1,10051,67.2,2,19
2026-02-28 20:36:43,80,31.1,9316,67.2,2,19
2026-02-28 20:37:44,79,31.1,8785,67.1,2,20
2026-02-28 20:38:44,80,31.1,8972,66.7,2,19
2026-02-28 20:39:45,80,31.1,9701,66.9,2,19
2026-02-28 20:40:45,80,31.1,11215,66.8,2,19
2026-02-28 20:41:46,81,31.1,15659,66.9,2,18
2026-02-28 20:42:46,80,31.1,17104,66.9,2,19
2026-02-28 20:43:47,80,31.1,15831,67.0,2,19
2026-02-28 20:44:47,79,31.1,13758,67.1,2,20
2026-02-28 20:45:48,81,31.0,11953,67.2,2,18
2026-02-28 20:46:48,79,31.0,10346,67.4,2,20
2026-02-28 20:47:49,80,31.0,9102,67.6,2,19
2026-02-28 20:48:49,79,31.0,9632,67.3,2,20
2026-02-28 20:49:50,79,31.0,9988,67.4,2,20
2026-02-28 20:50:50,80,31.0,10708,67.3,2,19
2026-02-28 20:51:51,79,31.0,11325,66.9,2,20
2026-02-28 20:52:51,81,31.0,13128,67.1,2,18
2026-02-28 20:53:51,81,31.0,14166,67.2,2,18
2026-02-28 20:54:52,81,31.0,14747,67.1,2,18
2026-02-28 20:55:52,80,31.0,17576,66.9,2,19
2026-02-28 20:56:53,84,30.9,19719,67.0,2,15
2026-02-28 20:57:53,83,31.0,19086,67.1,2,16
2026-02-28 20:58:53,83,31.0,17432,67.5,2,16
2026-02-28 20:59:53,84,30.9,13952,65.9,2,15
2026-02-28 21:00:54,83,30.9,10848,66.7,3,16
2026-02-28 21:01:55,84,30.9,10903,67.4,3,15
2026-02-28 21:02:55,83,30.9,11638,67.2,3,16
2026-02-28 21:03:55,84,30.9,10753,67.3,3,15
2026-02-28 21:04:56,82,30.9,9982,67.3,3,17
2026-02-28 21:05:56,83,30.9,9033,67.4,3,16
2026-02-28 21:06:57,82,30.9,10258,67.0,3,17
2026-02-28 21:07:57,83,30.8,11015,67.1,3,16
2026-02-28 21:08:58,82,30.9,10609,66.9,3,17
2026-02-28 21:09:58,83,30.8,11370,67.0,3,16
2026-02-28 21:10:58,84,30.8,11083,67.1,3,15
2026-02-28 21:11:59,84,30.8,11912,67.0,3,15
2026-02-28 21:12:59,84,30.8,11943,66.9,3,15
2026-02-28 21:14:00,85,30.8,11987,67.0,3,14
2026-02-28 21:15:00,84,30.8,11152,67.2,3,15
2026-02-28 21:16:00,84,30.8,10088,67.3,3,15
2026-02-28 21:17:01,86,30.8,8997,67.5,3,13
2026-02-28 21:18:01,84,30.8,8394,67.1,3,15
2026-02-28 21:19:02,85,30.8,8408,67.4,3,14
2026-02-28 21:20:02,85,30.8,8139,67.8,3,14
2026-02-28 21:21:03,85,30.8,8369,67.7,3,14
2026-02-28 21:22:03,85,30.8,8312,67.9,3,14
2026-02-28 21:23:04,85,30.8,8281,67.9,3,14
2026-02-28 21:24:04,86,30.8,9180,67.7,3,13
2026-02-28 21:25:05,85,30.8,9270,67.9,3,14
2026-02-28 21:26:05,86,30.8,9665,67.7,3,13
2026-02-28 21:27:06,86,30.8,10060,67.7,3,13
2026-02-28 21:28:06,85,30.8,10364,67.7,3,14
2026-02-28 21:29:07,86,30.8,10184,68.1,3,13
2026-02-28 21:30:07,85,30.8,10432,67.7,3,14
2026-02-28 21:31:08,86,30.8,10206,67.8,3,13
2026-02-28 21:32:08,86,30.8,9593,68.2,3,13
2026-02-28 21:33:09,87,30.9,10769,67.6,3,12
2026-02-28 21:34:09,88,30.9,12102,68.0,3,11
2026-02-28 21:35:10,88,30.9,13054,67.8,3,11
2026-02-28 21:36:10,86,30.9,13556,67.9,3,13
2026-02-28 21:37:11,88,30.9,13354,67.8,3,11
2026-02-28 21:38:11,88,31.0,12494,67.7,3,11
2026-02-28 21:39:12,86,31.0,11618,67.7,3,13
2026-02-28 21:40:12,88,31.0,11095,67.6,3,11
2026-02-28 21:41:13,87,31.0,10872,67.6,3,12
2026-02-28 21:42:13,87,31.0,10114,67.6,3,12
2026-02-28 21:43:14,88,31.0,9511,67.6,3,11
2026-02-28 21:44:14,86,31.0,8819,67.7,3,13
2026-02-28 21:45:15,88,31.0,8320,67.7,3,11
2026-02-28 21:46:15,87,31.0,8718,67.5,3,12
2026-02-28 21:47:16,87,31.0,9120,67.5,3,12
2026-02-28 21:48:16,87,31.0,10343,67.3,3,12
2026-02-28 21:49:16,89,31.0,11214,67.3,3,10
2026-02-28 21:50:17,88,31.0,11030,67.4,3,11
2026-02-28 21:51:18,88,31.0,10585,67.3,3,11
2026-02-28 21:52:18,88,31.1,10534,67.4,3,11
2026-02-28 21:53:18,88,31.0,9842,67.5,3,11
2026-02-28 21:54:19,87,31.0,9157,67.6,3,12
2026-02-28 21:55:19,88,31.0,8486,67.7,3,11
2026-02-28 21:56:19,87,31.0,7886,67.7,3,12
2026-02-28 21:57:20,87,31.0,7362,67.7,3,12
2026-02-28 21:58:21,87,31.0,7174,67.7,3,12
2026-02-28 21:59:21,87,31.0,6939,67.7,3,12
2026-02-28 22:00:21,88,31.0,6795,67.8,3,11
2026-02-28 22:01:22,88,31.0,6686,67.8,3,11
2026-02-28 22:02:22,87,31.0,7253,67.4,3,12
2026-02-28 22:03:23,86,31.0,7629,67.5,3,13
2026-02-28 22:04:23,87,31.0,7500,67.6,3,12
2026-02-28 22:05:24,87,31.0,7066,67.7,3,12
2026-02-28 22:06:24,87,31.0,6812,67.9,3,12
2026-02-28 22:07:25,88,31.0,6524,68.1,3,11
2026-02-28 22:08:25,87,31.0,6755,67.8,3,12
2026-02-28 22:09:26,86,31.0,7164,67.8,3,13
2026-02-28 22:10:26,86,31.0,7160,67.9,3,13
2026-02-28 22:11:27,86,30.9,6943,68.0,3,13
2026-02-28 22:12:27,87,31.0,6640,68.2,3,12
2026-02-28 22:13:28,86,30.9,6417,68.3,3,13
2026-02-28 22:14:28,86,30.9,6181,68.4,3,13
2026-02-28 22:15:29,87,30.9,5973,68.5,3,12
2026-02-28 22:16:29,85,30.9,5878,68.6,3,14
2026-02-28 22:17:29,86,30.9,6459,68.2,3,13
2026-02-28 22:18:30,86,30.9,6548,68.4,3,13
2026-02-28 22:19:30,86,30.9,6313,68.4,3,13
2026-02-28 22:20:31,87,30.9,6132,68.2,3,12
2026-02-28 22:21:32,87,30.9,6107,67.9,3,12
2026-02-28 22:22:32,87,30.9,6453,67.6,3,12
2026-02-28 22:23:32,87,30.9,6908,67.5,3,12
2026-02-28 22:24:33,88,30.8,8075,67.3,3,11
2026-02-28 22:25:33,88,30.8,8821,67.3,3,11
2026-02-28 22:26:33,89,30.8,8754,67.5,3,10
2026-02-28 22:27:34,89,30.8,8365,67.6,3,10
2026-02-28 22:28:34,88,30.8,7928,67.7,3,11
2026-02-28 22:29:35,89,30.8,7397,67.8,3,10
2026-02-28 22:30:35,89,30.8,7084,68.0,3,10
2026-02-28 22:31:35,89,30.8,6728,68.1,3,10
2026-02-28 22:32:36,89,30.8,6518,68.1,3,10
2026-02-28 22:33:37,90,30.8,6408,68.2,3,9
2026-02-28 22:34:37,89,30.7,6346,68.1,3,10
2026-02-28 22:35:38,89,30.7,6337,68.2,3,10
2026-02-28 22:36:38,88,30.7,6333,68.2,3,11
2026-02-28 22:37:38,89,30.7,6602,68.0,3,10
2026-02-28 22:38:38,89,30.7,6733,68.2,3,10
2026-02-28 22:39:39,89,30.7,6735,68.4,3,10
2026-02-28 22:40:39,89,30.7,6532,68.6,3,10
2026-02-28 22:41:40,90,30.7,6370,68.4,3,9
2026-02-28 22:42:40,90,30.7,6985,68.4,3,9
2026-02-28 22:43:40,90,30.7,7085,68.6,3,9
2026-02-28 22:44:41,90,30.7,6975,68.7,3,9
2026-02-28 22:45:42,90,30.7,6817,68.7,3,9
2026-02-28 22:46:42,90,30.7,6692,68.7,3,9
2026-02-28 22:47:43,89,30.7,6583,68.8,3,10
2026-02-28 22:48:43,89,30.8,6503,68.7,3,10
2026-02-28 22:49:43,89,30.7,6379,68.8,3,10
2026-02-28 22:50:44,89,30.8,6290,68.9,3,10
2026-02-28 22:51:44,90,30.8,6145,69.0,3,9
2026-02-28 22:52:45,91,30.8,6072,69.1,3,8
2026-02-28 22:53:45,88,30.8,5977,69.1,3,11
2026-02-28 22:54:45,89,30.8,5812,69.1,3,10
2026-02-28 22:55:46,88,30.8,5678,69.2,3,11
2026-02-28 22:56:46,89,30.9,5551,69.3,3,10
2026-02-28 22:57:47,90,30.9,5362,69.4,3,9
2026-02-28 22:58:47,90,30.9,5296,69.5,3,9
2026-02-28 22:59:48,90,30.9,5209,69.5,3,9
2026-02-28 23:00:48,89,30.9,5095,69.6,3,10
2026-02-28 23:01:49,89,30.9,5095,69.5,3,10
2026-02-28 23:02:49,89,30.9,5125,69.4,3,10
2026-02-28 23:03:50,88,30.9,5160,69.4,3,11
2026-02-28 23:04:50,90,30.9,5203,69.3,3,9
2026-02-28 23:05:51,89,30.9,5244,69.3,3,10
2026-02-28 23:06:51,90,30.9,5348,69.1,3,9
2026-02-28 23:07:52,88,30.9,5481,68.9,3,11
2026-02-28 23:08:52,89,30.9,5598,68.8,3,10
2026-02-28 23:09:53,89,30.9,5728,68.6,3,10
2026-02-28 23:10:53,90,30.9,5813,68.5,3,9
2026-02-28 23:11:54,90,30.9,5840,68.5,3,9
2026-02-28 23:12:54,90,30.9,5846,68.5,3,9
2026-02-28 23:13:54,89,31.0,5830,68.6,3,10
2026-02-28 23:14:55,89,31.0,5761,68.7,3,10
2026-02-28 23:15:55,90,30.9,5651,68.7,3,9
2026-02-28 23:16:55,88,31.0,5609,68.6,3,11
2026-02-28 23:17:56,89,30.9,5643,68.5,3,10
2026-02-28 23:18:56,88,31.0,5765,68.4,3,11
2026-02-28 23:19:57,90,30.9,5915,68.4,3,9
2026-02-28 23:20:58,90,30.9,6034,68.4,3,9
2026-02-28 23:21:58,90,30.9,6119,68.4,3,9
2026-02-28 23:22:59,89,30.9,6216,68.4,3,10
2026-02-28 23:23:59,90,30.9,6225,68.5,3,9
2026-02-28 23:25:00,90,30.9,6174,68.5,3,9
2026-02-28 23:26:00,89,30.9,6013,68.6,3,10
2026-02-28 23:27:01,89,30.9,5898,68.7,3,10
2026-02-28 23:28:01,91,30.9,5738,68.8,3,8
2026-02-28 23:29:02,90,30.9,5606,68.8,3,9
2026-02-28 23:30:02,89,30.8,5407,66.2,3,10
2026-02-28 23:31:03,89,30.8,5041,68.4,3,10
2026-02-28 23:32:03,88,30.8,4765,69.4,3,11
2026-02-28 23:33:04,89,30.8,4536,70.1,3,10
2026-02-28 23:34:04,91,30.8,4353,70.4,3,8
2026-02-28 23:35:04,89,30.8,4187,70.6,3,10
2026-02-28 23:36:05,88,30.8,4124,70.7,3,11
2026-02-28 23:37:06,90,30.8,4006,70.8,3,9
2026-02-28 23:38:06,90,30.7,3986,70.8,3,9
2026-02-28 23:39:07,89,30.7,3991,70.8,3,10
2026-02-28 23:40:07,90,30.7,3999,70.8,3,9
2026-02-28 23:41:08,91,30.7,3995,70.7,3,8
2026-02-28 23:42:08,91,30.7,4009,70.7,3,8
2026-02-28 23:43:08,90,30.7,4027,70.6,3,9
2026-02-28 23:44:09,89,30.7,4022,70.6,3,10
2026-02-28 23:45:09,90,30.8,4023,70.5,3,9
2026-02-28 23:46:10,89,30.8,4026,70.5,3,10
2026-02-28 23:47:10,90,30.8,4026,70.5,3,9
2026-02-28 23:48:11,91,30.8,4016,70.6,3,8
2026-02-28 23:49:11,91,30.8,3966,70.7,3,8
2026-02-28 23:50:11,91,30.8,3923,70.8,3,8
2026-02-28 23:51:12,89,30.8,3869,70.9,3,10
