timestamp,distance,temperature,co2,humidity,stage
2026-03-02 19:17:25,97,23.3,1706,78.7,0
2026-03-02 19:18:31,97,24.0,2047,80.0,0
2026-03-02 19:19:32,98,24.4,2197,79.3,0
2026-03-02 19:20:33,98,24.7,2230,78.6,0
2026-03-02 19:21:33,98,24.9,2288,78.1,0
2026-03-02 19:22:33,97,25.0,2310,77.6,0
2026-03-02 19:23:34,97,25.1,2333,77.2,0
2026-03-02 19:24:34,97,25.2,2350,76.8,0
2026-03-02 19:25:34,97,25.3,2371,76.6,0
2026-03-02 19:26:35,98,25.4,2383,76.3,0
2026-03-02 19:27:36,99,25.5,2398,76.1,0
2026-03-02 19:28:36,98,25.6,2405,75.9,0
2026-03-02 19:29:37,97,25.7,2404,75.6,0
2026-03-02 19:30:37,98,25.7,2409,75.4,0
2026-03-02 19:31:38,97,25.8,2409,75.2,0
2026-03-02 19:32:38,97,25.8,2406,75.1,0
2026-03-02 19:33:38,97,25.9,2408,75.0,0
2026-03-02 19:34:39,98,25.9,2406,74.9,0
2026-03-02 19:35:39,98,26.0,2397,74.9,0
2026-03-02 19:36:39,97,26.0,2387,74.8,0
2026-03-02 19:37:40,99,26.1,2379,74.7,0
2026-03-02 19:38:40,97,26.1,2375,74.7,0
2026-03-02 19:39:41,99,26.1,2373,74.6,0
2026-03-02 19:40:41,97,26.2,2365,74.6,0
2026-03-02 19:41:42,98,26.2,2367,74.4,0
2026-03-02 19:42:42,99,26.2,2369,74.2,0
2026-03-02 19:43:43,97,26.2,2362,74.1,0
2026-03-02 19:44:43,98,26.3,2355,74.0,0
2026-03-02 19:45:44,97,26.3,2356,73.9,0
2026-03-02 19:46:44,98,26.4,2353,73.9,0
2026-03-02 19:47:45,98,26.4,2342,73.9,0
2026-03-02 19:48:45,100,26.4,2339,73.7,0
2026-03-02 19:49:46,97,26.4,2343,73.5,0
2026-03-02 19:50:47,98,26.5,2340,73.4,0
2026-03-02 19:51:47,96,26.5,2338,73.3,0
2026-03-02 19:52:48,97,26.5,2329,73.2,0
2026-03-02 19:53:48,96,26.5,2324,73.2,0
2026-03-02 19:54:49,95,26.6,2321,73.2,0
2026-03-02 19:55:49,98,26.6,2313,73.1,0
2026-03-02 19:56:49,98,26.6,2315,73.1,0
2026-03-02 19:57:50,98,26.6,2315,73.0,0
2026-03-02 19:58:50,97,26.6,2309,73.0,0
2026-03-02 19:59:51,97,26.6,2302,72.9,0
2026-03-02 20:00:51,98,26.7,2305,72.9,0
2026-03-02 20:01:52,98,26.7,2291,72.8,0
2026-03-02 20:02:52,98,26.7,2290,72.8,0
2026-03-02 20:03:52,97,26.7,2289,72.8,0
2026-03-02 20:04:53,97,26.7,2281,72.7,0
2026-03-02 20:05:53,98,26.7,2280,72.7,0
2026-03-02 20:06:53,98,26.7,2275,72.6,0
2026-03-02 20:07:54,96,26.8,2278,72.6,0
2026-03-02 20:08:54,96,26.8,2276,72.6,0
2026-03-02 20:09:55,98,26.8,2265,72.5,0
2026-03-02 20:10:55,97,26.8,2263,72.5,0
2026-03-02 20:11:56,96,26.8,2270,72.4,0
2026-03-02 20:12:56,97,26.8,2265,72.4,0
2026-03-02 20:13:56,97,26.8,2264,72.4,0
2026-03-02 20:14:57,96,26.8,2255,72.3,0
2026-03-02 20:15:57,95,26.8,2251,72.3,0
2026-03-02 20:16:58,96,26.8,2248,72.3,0
2026-03-02 20:17:58,97,26.8,2242,72.3,0
2026-03-02 20:18:59,98,26.8,2232,72.2,0
2026-03-02 20:19:59,96,26.9,2232,72.2,0
2026-03-02 20:21:00,96,26.9,2228,72.2,0
2026-03-02 20:22:00,95,26.9,2223,72.2,0
2026-03-02 20:23:01,96,26.9,2221,72.1,0
2026-03-02 20:24:01,97,26.9,2214,72.1,0
2026-03-02 20:25:02,96,26.9,2213,72.1,0
2026-03-02 20:26:02,97,26.9,2210,72.1,0
2026-03-02 20:27:02,96,26.9,2208,72.1,0
2026-03-02 20:28:03,95,26.9,2202,72.1,0
2026-03-02 20:29:03,96,26.9,2207,72.0,0
2026-03-02 20:30:04,97,26.9,2210,72.0,0
2026-03-02 20:31:04,96,26.9,2204,72.0,0
2026-03-02 20:32:05,95,26.9,2201,72.0,0
2026-03-02 20:33:05,94,26.9,2199,71.9,0
2026-03-02 20:34:06,96,26.9,2198,71.9,0
2026-03-02 20:35:06,95,26.9,2200,71.7,0
2026-03-02 20:36:07,95,26.9,2176,71.6,0
2026-03-02 20:37:07,95,27.0,2142,71.6,1
2026-03-02 20:38:08,95,26.9,2110,71.5,1
2026-03-02 20:39:08,95,27.0,2057,71.4,1
2026-03-02 20:40:09,94,26.9,2035,71.3,1
2026-03-02 20:41:09,96,26.9,2013,71.1,1
2026-03-02 20:42:10,95,26.9,1986,71.0,1
2026-03-02 20:43:10,95,26.9,1974,70.8,1
2026-03-02 20:44:11,94,26.9,1957,70.7,1
2026-03-02 20:45:11,95,26.9,1938,70.6,1
2026-03-02 20:46:12,94,26.9,1927,70.4,1
2026-03-02 20:47:12,94,26.9,1925,70.3,1
2026-03-02 20:48:12,95,26.9,1927,70.2,1
2026-03-02 20:49:13,94,26.9,1918,70.1,1
2026-03-02 20:50:13,94,26.9,1909,69.9,1
2026-03-02 20:51:13,93,26.9,1908,69.9,1
2026-03-02 20:52:14,93,26.9,1915,69.8,1
2026-03-02 20:53:14,93,26.9,1907,69.7,1
2026-03-02 20:54:15,94,26.8,1902,69.6,1
2026-03-02 20:55:15,94,26.9,1888,69.5,1
2026-03-02 20:56:16,94,26.8,1879,69.5,1
2026-03-02 20:57:16,93,26.8,1886,69.4,1
2026-03-02 20:58:17,93,26.8,1880,69.3,1
2026-03-02 20:59:17,94,26.8,1873,69.2,1
2026-03-02 21:00:18,92,26.8,1875,69.2,1
2026-03-02 21:01:19,94,26.8,1868,69.2,1
2026-03-02 21:02:19,91,26.8,1864,69.1,1
2026-03-02 21:03:19,94,26.7,1865,69.0,1
2026-03-02 21:04:20,92,26.7,1870,69.0,1
2026-03-02 21:05:20,92,26.7,1864,68.9,1
2026-03-02 21:06:20,92,26.7,1867,68.9,1
2026-03-02 21:07:21,92,26.7,1865,68.8,1
2026-03-02 21:08:21,91,26.7,1867,68.8,1
2026-03-02 21:09:22,91,26.7,1867,68.7,1
2026-03-02 21:10:22,91,26.7,1873,68.6,1
2026-03-02 21:11:23,90,26.6,1871,68.5,1
2026-03-02 21:12:23,91,26.6,1868,68.5,1
2026-03-02 21:13:24,90,26.6,1869,68.4,1
2026-03-02 21:14:24,91,26.6,1866,68.4,1
2026-03-02 21:15:25,91,26.6,1871,68.3,1
2026-03-02 21:16:25,91,26.6,1871,68.2,1
2026-03-02 21:17:26,90,26.6,1875,68.2,1
2026-03-02 21:18:26,90,26.6,1875,68.1,1
2026-03-02 21:19:27,90,26.6,1871,68.1,1
2026-03-02 21:20:27,91,26.5,1870,68.1,1
2026-03-02 21:21:28,89,26.5,1878,68.0,1
2026-03-02 21:22:28,91,26.5,1880,68.0,1
2026-03-02 21:23:29,90,26.5,1874,67.9,1
2026-03-02 21:24:29,89,26.5,1874,67.9,1
2026-03-02 21:25:29,90,26.5,1874,67.8,1
2026-03-02 21:26:30,89,26.5,1874,67.8,1
2026-03-02 21:27:30,90,26.4,1876,67.8,1
2026-03-02 21:28:31,90,26.4,1873,67.8,1
2026-03-02 21:29:32,89,26.4,1874,67.7,1
2026-03-02 21:30:32,89,26.4,1877,67.7,1
2026-03-02 21:31:33,89,26.4,1886,67.6,1
2026-03-02 21:32:33,87,26.4,1885,67.6,1
2026-03-02 21:33:33,88,26.4,1880,67.6,1
2026-03-02 21:34:34,89,26.3,1881,67.5,1
2026-03-02 21:35:34,89,26.3,1881,67.5,1
2026-03-02 21:36:35,88,26.3,1876,67.5,1
2026-03-02 21:37:35,87,26.3,1879,67.4,1
2026-03-02 21:38:36,87,26.3,1880,67.4,1
2026-03-02 21:39:36,89,26.3,1886,67.4,1
2026-03-02 21:40:37,87,26.2,1877,67.3,1
2026-03-02 21:41:37,87,26.2,1874,67.3,1
2026-03-02 21:42:38,87,26.2,1870,67.3,1
2026-03-02 21:43:38,87,26.2,1870,67.2,1
2026-03-02 21:44:38,87,26.2,1873,67.2,1
2026-03-02 21:45:39,86,26.2,1871,67.2,1
2026-03-02 21:46:39,86,26.2,1875,67.2,1
2026-03-02 21:47:40,86,26.2,1878,67.1,1
2026-03-02 21:48:40,86,26.2,1873,67.1,1
2026-03-02 21:49:40,85,26.2,1879,67.1,1
2026-03-02 21:50:41,87,26.1,1879,67.1,1
2026-03-02 21:51:41,86,26.1,1875,67.0,1
2026-03-02 21:52:41,86,26.1,1880,67.0,1
2026-03-02 21:53:42,85,26.1,1881,67.0,1
2026-03-02 21:54:42,86,26.1,1884,67.0,1
2026-03-02 21:55:43,86,26.0,1891,67.0,1
2026-03-02 21:56:43,84,26.1,1875,66.9,1
2026-03-02 21:57:44,86,26.0,1868,66.9,1
2026-03-02 21:58:44,85,26.0,1863,66.9,1
2026-03-02 21:59:45,85,26.0,1870,66.9,1
2026-03-02 22:00:45,84,26.0,1876,66.9,1
2026-03-02 22:01:45,85,26.0,1878,66.9,1
2026-03-02 22:02:46,86,26.0,1880,66.8,1
2026-03-02 22:03:46,85,26.0,1879,66.9,1
2026-03-02 22:04:46,83,26.0,1880,66.9,1
2026-03-02 22:05:47,84,25.9,1881,66.8,1
2026-03-02 22:06:47,82,25.9,1880,66.8,1
2026-03-02 22:07:48,83,25.9,1877,66.8,1
2026-03-02 22:08:48,83,25.9,1882,66.8,1
2026-03-02 22:09:48,83,25.9,1881,66.8,1
2026-03-02 22:10:49,83,25.9,1886,66.8,1
2026-03-02 22:11:49,84,25.9,1885,66.8,1
2026-03-02 22:12:49,83,25.9,1878,66.8,1
2026-03-02 22:13:50,82,25.8,1886,66.8,1
2026-03-02 22:14:50,83,25.8,1876,66.7,1
2026-03-02 22:15:51,82,25.8,1879,66.8,1
2026-03-02 22:16:51,82,25.8,1881,66.8,1
2026-03-02 22:17:52,82,25.8,1882,66.7,1
2026-03-02 22:18:52,82,25.8,1888,66.8,1
2026-03-02 22:19:53,82,25.8,1889,66.7,1
2026-03-02 22:20:53,82,25.8,1896,66.7,1
2026-03-02 22:21:54,80,25.8,1896,66.7,1
2026-03-02 22:22:54,81,25.8,1905,66.7,1
2026-03-02 22:23:55,81,25.7,1893,66.7,1
2026-03-02 22:24:55,81,25.7,1894,66.7,1
2026-03-02 22:25:56,82,25.7,1890,66.7,1
2026-03-02 22:26:56,81,25.7,1895,66.7,1
2026-03-02 22:27:57,81,25.7,1981,66.0,1
2026-03-02 22:28:57,80,25.7,2329,66.2,1
2026-03-02 22:29:58,81,25.7,2349,66.4,1
2026-03-02 22:30:58,79,25.7,2333,66.5,1
2026-03-02 22:31:59,81,25.7,2284,66.6,1
2026-03-02 22:32:59,79,25.7,2200,66.6,1
2026-03-02 22:33:59,80,25.7,2167,66.6,1
2026-03-02 22:35:00,80,25.6,2100,66.7,1
2026-03-02 22:36:00,80,25.6,2056,66.7,1
2026-03-02 22:37:01,80,25.6,2029,66.8,1
2026-03-02 22:38:01,80,25.6,2002,66.7,1
2026-03-02 22:39:01,79,25.6,1979,66.8,1
2026-03-02 22:40:02,80,25.6,1961,66.8,1
2026-03-02 22:41:03,79,25.6,1952,66.8,1
2026-03-02 22:42:03,78,25.6,1945,66.9,1
2026-03-02 22:43:03,78,25.6,1946,66.8,1
2026-03-02 22:44:04,80,25.6,1938,66.9,1
2026-03-02 22:45:04,79,25.5,1926,66.9,1
2026-03-02 22:46:04,78,25.5,1919,66.9,1
2026-03-02 22:47:04,79,25.5,1918,66.9,1
2026-03-02 22:48:05,78,25.5,1923,66.9,1
2026-03-02 22:49:05,78,25.5,1924,66.9,1
2026-03-02 22:50:06,79,25.5,1921,66.9,1
2026-03-02 22:51:06,77,25.5,1919,67.0,1
2026-03-02 22:52:06,78,25.5,3242,66.3,1
2026-03-02 22:53:07,78,25.5,3726,66.4,1
2026-03-02 22:54:07,79,25.5,3654,66.5,1
2026-03-02 22:55:08,78,25.5,3282,66.5,1
2026-03-02 22:56:08,79,25.5,3017,66.5,1
2026-03-02 22:57:08,79,25.5,2833,66.6,1
2026-03-02 22:58:09,78,25.5,2855,66.6,1
2026-03-02 22:59:09,79,25.5,4191,66.3,1
2026-03-02 23:00:10,78,25.4,4371,66.3,1
2026-03-02 23:01:10,76,25.4,4369,66.2,1
2026-03-02 23:02:11,76,25.4,4345,66.4,1
2026-03-02 23:03:11,76,25.4,4033,66.5,1
2026-03-02 23:04:12,77,25.4,4051,66.4,1
2026-03-02 23:05:13,77,25.4,4058,66.5,2
2026-03-02 23:06:13,77,25.4,3937,66.6,2
2026-03-02 23:07:14,77,25.4,3602,66.7,2
2026-03-02 23:08:14,77,25.4,3299,66.8,2
2026-03-02 23:09:14,77,25.4,3036,66.9,2
2026-03-02 23:10:14,76,25.4,2779,66.9,2
2026-03-02 23:11:15,76,25.4,2597,67.0,2
2026-03-02 23:12:15,76,25.4,2527,67.0,2
2026-03-02 23:13:16,77,25.4,2482,66.9,2
2026-03-02 23:14:16,76,25.3,2929,66.6,2
2026-03-02 23:15:17,77,25.4,3231,66.8,2
2026-03-02 23:16:17,75,25.3,3215,67.0,2
2026-03-02 23:17:18,76,25.3,3202,66.8,2
2026-03-02 23:18:18,76,25.3,3317,66.9,2
2026-03-02 23:19:19,75,25.3,3223,67.0,2
2026-03-02 23:20:19,76,25.3,2930,67.1,2
2026-03-02 23:21:19,75,25.3,2983,67.1,2
2026-03-02 23:22:20,75,25.3,3627,66.9,2
2026-03-02 23:23:20,75,25.3,4593,66.8,2
2026-03-02 23:24:20,75,25.3,4954,66.9,2
2026-03-02 23:25:20,76,25.3,4574,67.0,2
2026-03-02 23:26:21,77,25.3,4010,67.1,2
2026-03-02 23:27:21,76,25.3,3625,67.1,2
2026-03-02 23:28:22,75,25.3,3345,67.2,2
2026-03-02 23:29:22,74,25.3,3445,66.9,2
2026-03-02 23:30:22,75,25.3,3856,67.0,2
2026-03-02 23:31:23,75,25.3,3855,67.2,2
2026-03-02 23:32:23,75,25.3,3487,67.3,2
2026-03-02 23:33:23,75,25.3,3181,67.4,2
2026-03-02 23:34:23,73,25.3,2946,67.5,2
2026-03-02 23:35:24,73,25.3,2719,67.6,2
2026-03-02 23:36:24,73,25.3,5379,67.3,2
2026-03-02 23:37:24,76,25.3,9264,66.9,2
2026-03-02 23:38:25,76,25.3,8931,66.9,2
2026-03-02 23:39:25,76,25.3,7952,66.8,2
2026-03-02 23:40:25,76,25.3,7524,67.0,2
2026-03-02 23:41:26,76,25.3,6627,67.1,2
2026-03-02 23:42:26,76,25.2,6598,67.0,2
2026-03-02 23:43:27,76,25.3,8045,66.8,2
2026-03-02 23:44:27,76,25.3,7790,67.0,2
2026-03-02 23:45:28,75,25.3,7457,67.5,2
2026-03-02 23:46:28,75,25.3,7811,67.1,2
2026-03-02 23:47:28,75,25.3,9181,67.4,2
2026-03-02 23:48:28,77,25.3,11370,67.0,2
2026-03-02 23:49:29,77,25.3,11227,67.1,2
2026-03-02 23:50:29,76,25.3,10293,67.1,2
2026-03-02 23:51:30,77,25.3,8825,67.2,2
2026-03-02 23:52:30,78,25.2,7921,67.0,2
2026-03-02 23:53:31,76,25.3,7397,67.2,2
2026-03-02 23:54:31,78,25.3,8721,67.2,2
2026-03-02 23:55:31,78,25.3,8479,67.2,2
2026-03-02 23:56:32,78,25.3,8751,67.5,2
2026-03-02 23:57:32,78,25.3,9544,67.1,2
2026-03-02 23:58:33,78,25.3,10643,67.0,2
2026-03-02 23:59:33,78,25.2,12043,67.0,2
2026-03-03 00:00:34,77,25.3,12037,67.6,2
2026-03-03 00:01:34,79,25.3,12924,67.1,2
2026-03-03 00:02:35,78,25.3,12433,67.1,2
2026-03-03 00:03:35,77,25.2,12798,67.1,2
2026-03-03 00:04:35,78,25.2,11640,67.2,2
2026-03-03 00:05:36,78,25.3,11425,67.3,2
2026-03-03 00:06:36,76,25.3,10918,67.4,2
2026-03-03 00:07:37,78,25.2,10978,67.3,2
2026-03-03 00:08:37,78,25.3,10397,67.1,2
2026-03-03 00:09:38,78,25.3,9624,67.3,2
2026-03-03 00:10:38,77,25.2,8382,67.4,2
2026-03-03 00:11:39,77,25.3,7181,67.4,2
2026-03-03 00:12:39,79,25.3,6530,67.3,2
2026-03-03 00:13:40,77,25.2,6551,67.3,2
2026-03-03 00:14:40,75,25.2,6734,67.4,2
2026-03-03 00:15:40,77,25.2,6505,67.4,2
2026-03-03 00:16:41,77,25.3,6265,67.4,2
2026-03-03 00:17:41,78,25.3,6264,67.5,2
2026-03-03 00:18:41,78,25.3,6216,67.5,2
2026-03-03 00:19:42,75,25.3,7246,67.5,2
2026-03-03 00:20:42,77,25.3,7359,67.7,2
2026-03-03 00:21:42,76,25.3,8176,67.6,2
2026-03-03 00:22:42,76,25.3,8775,67.5,2
2026-03-03 00:23:43,77,25.3,11013,67.5,2
2026-03-03 00:24:43,79,25.3,11389,67.6,2
2026-03-03 00:25:43,78,25.3,13308,67.5,2
2026-03-03 00:26:44,78,25.3,13582,67.6,2
2026-03-03 00:27:44,79,25.3,13687,67.6,2
2026-03-03 00:28:45,79,25.3,12535,67.7,2
2026-03-03 00:29:45,79,25.3,11074,67.8,2
2026-03-03 00:30:45,81,25.3,10136,67.7,2
2026-03-03 00:31:46,79,25.3,9739,68.0,2
2026-03-03 00:32:46,79,25.3,10402,67.8,2
2026-03-03 00:33:46,78,25.3,10357,67.8,2
2026-03-03 00:34:47,79,25.3,9237,67.9,2
2026-03-03 00:35:48,78,25.3,8018,68.0,2
2026-03-03 00:36:48,79,25.3,7021,68.1,2
2026-03-03 00:37:48,79,25.3,7096,68.3,2
2026-03-03 00:38:49,78,25.3,9099,68.0,2
2026-03-03 00:39:49,77,25.3,9119,68.1,2
2026-03-03 00:40:50,78,25.3,8294,68.1,2
2026-03-03 00:41:50,78,25.3,7360,68.2,2
2026-03-03 00:42:50,76,25.3,6461,68.3,2
2026-03-03 00:43:51,77,25.3,5852,68.3,2
2026-03-03 00:44:51,78,25.3,6456,68.1,2
2026-03-03 00:45:52,76,25.3,7419,68.2,2
2026-03-03 00:46:52,75,25.3,9178,68.4,2
2026-03-03 00:47:53,81,25.3,9012,68.5,2
2026-03-03 00:48:53,78,25.3,10791,68.4,2
2026-03-03 00:49:54,79,25.4,10634,68.4,2
2026-03-03 00:50:54,79,25.3,9697,68.6,2
2026-03-03 00:51:55,79,25.4,9705,68.5,2
2026-03-03 00:52:55,78,25.4,9133,68.5,2
2026-03-03 00:53:55,78,25.3,8103,68.6,2
2026-03-03 00:55:57,78,25.3,6779,68.7,2
2026-03-03 00:56:57,78,25.4,7311,68.7,2
2026-03-03 00:57:58,78,25.4,7828,68.8,2
2026-03-03 00:58:58,79,25.3,7294,68.8,2
2026-03-03 00:59:59,78,25.4,6592,68.8,2
2026-03-03 01:00:59,76,25.4,6566,68.8,2
2026-03-03 01:01:59,78,25.4,7140,68.9,2
2026-03-03 01:02:59,77,25.4,6810,69.0,2
2026-03-03 01:04:00,77,25.4,6211,69.1,2
2026-03-03 01:05:00,78,25.4,5825,69.1,2
2026-03-03 01:06:01,78,25.4,5416,69.2,2
2026-03-03 01:07:01,76,25.4,5369,68.9,2
2026-03-03 01:08:02,76,25.4,8238,69.0,2
2026-03-03 01:09:02,76,25.4,8578,69.1,2
2026-03-03 01:10:02,77,25.5,7986,69.2,2
2026-03-03 01:11:03,76,25.4,7222,69.2,2
2026-03-03 01:12:04,77,25.5,6599,69.3,2
2026-03-03 01:13:04,77,25.4,6079,69.3,2
2026-03-03 01:14:04,75,25.5,5663,69.4,2
2026-03-03 01:15:05,77,25.4,5424,69.5,2
2026-03-03 01:16:05,76,25.4,5163,69.6,2
2026-03-03 01:17:05,76,25.4,6127,69.4,2
2026-03-03 01:18:06,77,25.5,7321,69.5,2
2026-03-03 01:19:06,77,25.5,7208,69.5,2
2026-03-03 01:20:06,76,25.5,9056,69.5,2
2026-03-03 01:21:07,78,25.5,11211,69.4,2
2026-03-03 01:22:07,79,25.5,10777,69.5,2
2026-03-03 01:23:08,79,25.5,9564,69.6,2
2026-03-03 01:24:08,79,25.5,8479,69.7,2
2026-03-03 01:25:08,79,25.5,7546,69.7,2
2026-03-03 01:26:09,78,25.5,6790,69.7,2
2026-03-03 01:27:09,78,25.5,6388,69.7,2
2026-03-03 01:28:10,78,25.5,7279,69.6,2
2026-03-03 01:29:10,78,25.5,8255,69.7,2
2026-03-03 01:30:11,79,25.5,8096,69.8,2
2026-03-03 01:31:11,79,25.6,7373,69.9,2
2026-03-03 01:32:12,79,25.5,6736,69.9,2
2026-03-03 01:33:12,77,25.6,7104,69.8,2
2026-03-03 01:34:13,78,25.6,9819,70.1,2
2026-03-03 01:35:13,78,25.6,11680,69.9,2
2026-03-03 01:36:14,79,25.6,11538,70.0,2
2026-03-03 01:37:14,78,25.6,11578,69.9,2
2026-03-03 01:38:14,78,25.6,10980,70.0,2
2026-03-03 01:39:15,78,25.6,9687,70.0,2
2026-03-03 01:40:16,77,25.6,8722,70.1,2
2026-03-03 01:41:16,77,25.6,10003,70.0,2
2026-03-03 01:42:16,78,25.6,11495,70.0,2
2026-03-03 01:43:17,78,25.6,12173,70.0,2
2026-03-03 01:44:17,78,25.6,12428,70.0,2
2026-03-03 01:45:18,78,25.7,12172,70.1,2
2026-03-03 01:46:18,80,25.7,11104,70.1,2
2026-03-03 01:47:19,78,25.7,9785,70.2,2
2026-03-03 01:48:19,78,25.7,8639,70.2,2
2026-03-03 01:49:19,78,25.7,7550,70.3,2
2026-03-03 01:50:20,79,25.7,6803,70.4,2
2026-03-03 01:51:20,78,25.7,6236,70.4,2
2026-03-03 01:52:21,77,25.7,6122,70.4,2
2026-03-03 01:53:21,79,25.7,6522,70.5,2
2026-03-03 01:54:21,78,25.7,7443,70.4,2
2026-03-03 01:55:22,76,25.7,7436,70.5,2
2026-03-03 01:56:22,76,25.7,6833,70.5,2
2026-03-03 01:57:22,77,25.7,6041,70.2,2
2026-03-03 01:58:23,77,25.7,5477,70.3,2
2026-03-03 01:59:24,76,25.8,5219,70.3,2
2026-03-03 02:00:24,76,25.7,7443,70.6,2
2026-03-03 02:01:25,78,25.8,9242,70.5,2
2026-03-03 02:02:25,77,25.8,11155,70.4,2
2026-03-03 02:03:26,76,25.8,11862,70.7,2
2026-03-03 02:04:26,78,25.8,12495,70.5,2
2026-03-03 02:05:26,79,25.8,12276,70.7,2
2026-03-03 02:06:27,79,25.8,11275,70.8,2
2026-03-03 02:07:27,78,25.8,9968,70.9,2
2026-03-03 02:08:28,78,25.8,9292,71.2,2
2026-03-03 02:09:28,77,25.9,10572,71.0,2
2026-03-03 02:10:28,78,25.9,11713,71.0,2
2026-03-03 02:11:29,79,25.9,11803,71.1,2
2026-03-03 02:12:29,79,25.9,13538,71.3,2
2026-03-03 02:13:30,79,25.8,14040,71.1,3
2026-03-03 02:14:30,80,25.9,13375,71.2,3
2026-03-03 02:15:30,79,25.9,13821,71.2,3
2026-03-03 02:16:30,80,25.9,13103,71.3,3
2026-03-03 02:17:31,80,25.9,11781,71.3,3
2026-03-03 02:18:31,80,25.9,10560,71.4,3
2026-03-03 02:19:31,80,25.9,11045,71.3,3
2026-03-03 02:20:32,80,25.9,12564,71.4,3
2026-03-03 02:21:33,80,25.9,15241,71.4,3
2026-03-03 02:22:33,79,25.9,16716,71.4,3
2026-03-03 02:23:33,80,26.0,15395,71.4,3
2026-03-03 02:24:34,80,26.0,13558,71.5,3
2026-03-03 02:25:34,80,26.0,12375,71.7,3
2026-03-03 02:26:35,80,26.0,14620,71.6,3
2026-03-03 02:27:35,81,26.0,18039,71.4,3
2026-03-03 02:28:36,80,26.0,17407,71.5,3
2026-03-03 02:29:36,81,26.0,15688,71.6,3
2026-03-03 02:30:37,81,26.0,17070,71.5,3
2026-03-03 02:31:37,81,26.0,17826,71.6,3
2026-03-03 02:32:38,82,26.0,17925,71.5,3
2026-03-03 02:33:38,82,26.0,16337,71.6,3
2026-03-03 02:34:39,82,26.0,14605,71.6,3
2026-03-03 02:35:39,82,26.0,14244,71.6,3
2026-03-03 02:36:40,80,26.0,13033,71.7,3
2026-03-03 02:37:40,81,26.1,11820,71.8,3
2026-03-03 02:38:41,81,26.1,11265,71.8,3
2026-03-03 02:39:41,82,26.1,14141,71.7,3
2026-03-03 02:40:42,82,26.1,14412,71.7,3
2026-03-03 02:41:42,82,26.1,13266,71.8,3
2026-03-03 02:42:43,81,26.1,12132,71.9,3
2026-03-03 02:43:43,81,26.1,10800,71.9,3
2026-03-03 02:44:44,80,26.1,9726,71.9,3
2026-03-03 02:45:44,82,26.1,8784,72.0,3
2026-03-03 02:46:45,80,26.1,8079,72.0,3
2026-03-03 02:47:45,81,26.1,7805,72.0,3
2026-03-03 02:48:46,80,26.1,7759,72.1,3
2026-03-03 02:49:46,82,26.1,7880,72.3,3
2026-03-03 02:50:47,82,26.1,9665,72.2,3
2026-03-03 02:51:47,81,26.1,11677,72.1,3
2026-03-03 02:52:48,80,26.1,11403,72.1,3
2026-03-03 02:53:48,81,26.2,10229,72.1,3
2026-03-03 02:54:49,81,26.2,9659,72.2,3
2026-03-03 02:55:49,80,26.2,9945,72.1,3
2026-03-03 02:56:50,80,26.2,9620,72.2,3
2026-03-03 02:57:50,81,26.2,8729,72.2,3
2026-03-03 02:58:51,80,26.2,7980,72.1,3
2026-03-03 02:59:51,82,26.2,8096,72.2,3
2026-03-03 03:00:52,81,26.2,9198,72.4,3
2026-03-03 03:01:52,82,26.2,9987,72.3,3
2026-03-03 03:02:53,81,26.2,9844,72.3,3
2026-03-03 03:03:53,82,26.2,8992,72.4,3
2026-03-03 03:04:54,81,26.3,8406,72.4,3
2026-03-03 03:05:54,81,26.2,8099,72.4,3
2026-03-03 03:06:55,81,26.2,7828,72.4,3
2026-03-03 03:07:55,81,26.2,7464,72.5,3
2026-03-03 03:08:56,80,26.3,6937,72.5,3
2026-03-03 03:09:56,80,26.2,6797,72.5,3
2026-03-03 03:10:57,81,26.3,6966,72.5,3
2026-03-03 03:11:58,79,26.3,7550,72.5,3
2026-03-03 03:12:58,81,26.3,7718,72.5,3
2026-03-03 03:13:58,80,26.3,7780,72.5,3
2026-03-03 03:14:59,78,26.3,7742,72.6,3
2026-03-03 03:15:59,79,26.3,9199,72.7,3
2026-03-03 03:16:59,80,26.3,11932,72.4,3
2026-03-03 03:18:00,80,26.3,13164,72.4,3
2026-03-03 03:19:01,81,26.3,14599,72.4,3
2026-03-03 03:20:01,81,26.3,15354,72.4,3
2026-03-03 03:21:02,82,26.3,15051,72.4,3
2026-03-03 03:22:02,80,26.4,13656,72.5,3
2026-03-03 03:23:03,79,26.4,12741,72.6,3
2026-03-03 03:24:03,81,26.4,12719,72.5,3
2026-03-03 03:25:03,80,26.4,11852,72.6,3
2026-03-03 03:26:04,80,26.4,10682,72.6,3
2026-03-03 03:27:04,80,26.4,9512,72.7,3
2026-03-03 03:28:05,79,26.4,12144,72.5,3
2026-03-03 03:29:05,79,26.4,13604,72.6,3
2026-03-03 03:30:06,79,26.4,12728,72.6,3
2026-03-03 03:31:06,80,26.4,11764,72.8,3
2026-03-03 03:32:07,80,26.4,11947,72.6,3
2026-03-03 03:33:07,80,26.4,12333,72.8,3
2026-03-03 03:34:08,81,26.4,12703,72.7,3
2026-03-03 03:35:08,80,26.4,11576,72.7,3
2026-03-03 03:36:09,79,26.4,11180,72.7,3
2026-03-03 03:37:09,80,26.4,10707,72.7,3
2026-03-03 03:38:10,80,26.4,10463,72.7,3
2026-03-03 03:39:10,79,26.5,10868,72.7,3
2026-03-03 03:40:11,80,26.4,11415,72.7,3
2026-03-03 03:41:11,80,26.5,12787,72.7,3
2026-03-03 03:42:12,82,26.5,13335,72.7,3
2026-03-03 03:43:12,80,26.5,12752,72.7,3
2026-03-03 03:44:13,80,26.5,12132,72.7,3
2026-03-03 03:45:13,81,26.5,12367,72.7,3
2026-03-03 03:46:14,80,26.5,11656,72.8,3
2026-03-03 03:47:14,79,26.5,10969,72.8,3
2026-03-03 03:48:15,81,26.5,10266,72.9,3
2026-03-03 03:49:15,79,26.5,9522,72.9,3
2026-03-03 03:50:16,79,26.5,8849,72.9,3
2026-03-03 03:51:16,79,26.5,9451,72.8,3
2026-03-03 03:52:17,79,26.5,9475,72.9,3
2026-03-03 03:53:17,81,26.5,10406,72.8,3
2026-03-03 03:54:18,81,26.5,10558,72.8,3
2026-03-03 03:55:18,80,26.5,9948,72.9,3
2026-03-03 03:56:19,80,26.5,9327,72.9,3
2026-03-03 03:57:19,81,26.5,8750,72.9,3
2026-03-03 03:58:20,80,26.6,8389,72.9,3
2026-03-03 03:59:20,79,26.6,10189,72.9,3
2026-03-03 04:00:21,81,26.6,10988,72.9,3
2026-03-03 04:01:21,82,26.6,10564,72.9,3
2026-03-03 04:02:22,82,26.6,10173,72.9,3
2026-03-03 04:03:22,80,26.6,10202,72.9,3
2026-03-03 04:04:23,81,26.6,9699,72.9,3
2026-03-03 04:05:23,80,26.6,9172,72.9,3
2026-03-03 04:06:24,80,26.6,10071,72.8,3
2026-03-03 04:07:24,80,26.6,11342,72.9,3
2026-03-03 04:08:25,81,26.6,11040,72.9,3
2026-03-03 04:09:25,81,26.6,10139,72.9,3
2026-03-03 04:10:26,82,26.6,9343,73.0,3
2026-03-03 04:11:26,81,26.6,8629,73.0,3
2026-03-03 04:12:27,81,26.6,7989,73.1,3
2026-03-03 04:13:27,81,26.6,7511,73.2,3
2026-03-03 04:14:28,81,26.6,8231,73.0,3
2026-03-03 04:15:28,78,26.6,8604,73.3,3
2026-03-03 04:16:29,82,26.7,10593,73.0,3
2026-03-03 04:17:29,82,26.6,11577,73.0,3
2026-03-03 04:18:30,83,26.6,11276,73.0,3
2026-03-03 04:19:30,82,26.7,10995,73.0,3
2026-03-03 04:20:31,82,26.7,10208,73.0,3
2026-03-03 04:21:31,81,26.7,9629,73.1,3
2026-03-03 04:22:32,80,26.7,8953,73.1,3
2026-03-03 04:23:33,81,26.7,8439,73.0,3
2026-03-03 04:24:33,81,26.7,8297,73.0,3
2026-03-03 04:25:34,81,26.7,8825,73.0,3
2026-03-03 04:26:34,82,26.7,9308,73.0,3
2026-03-03 04:27:35,82,26.7,9863,73.0,3
2026-03-03 04:28:35,81,26.7,9866,73.1,3
2026-03-03 04:29:36,82,26.7,9215,73.1,3
2026-03-03 04:30:36,80,26.7,8632,73.0,3
2026-03-03 04:31:36,83,26.7,9276,73.1,3
2026-03-03 04:32:37,82,26.7,10105,73.0,3
2026-03-03 04:33:37,84,26.7,10983,73.0,3
2026-03-03 04:34:38,81,26.7,11086,73.1,3
2026-03-03 04:35:38,81,26.7,10314,73.1,3
2026-03-03 04:36:39,81,26.7,9720,73.1,3
2026-03-03 04:37:39,81,26.7,9103,73.1,3
2026-03-03 04:38:40,81,26.7,8428,73.2,3
2026-03-03 04:39:40,82,26.7,7904,73.2,3
2026-03-03 04:40:41,81,26.7,8072,73.4,3
2026-03-03 04:41:41,82,26.7,8632,73.3,3
2026-03-03 04:42:42,82,26.7,11470,73.3,3
2026-03-03 04:43:42,85,26.7,16991,73.0,3
2026-03-03 04:44:43,84,26.7,18017,73.0,3
2026-03-03 04:45:43,85,26.7,16670,73.0,3
2026-03-03 04:46:44,84,26.7,14707,73.0,3
2026-03-03 04:47:44,84,26.8,13247,73.1,3
2026-03-03 04:48:45,85,26.8,11699,73.1,3
2026-03-03 04:49:45,84,26.8,10481,73.2,3
2026-03-03 04:50:46,84,26.7,9429,73.2,3
2026-03-03 04:51:46,85,26.7,8539,73.2,3
2026-03-03 04:52:47,85,26.8,7982,73.3,3
2026-03-03 04:53:47,82,26.8,8823,73.2,3
2026-03-03 04:54:48,84,26.8,9006,73.2,3
2026-03-03 04:55:48,84,26.8,8561,73.3,3
2026-03-03 04:56:49,83,26.8,7947,73.3,3
2026-03-03 04:57:50,84,26.8,7397,73.3,3
2026-03-03 04:58:50,84,26.8,6863,73.3,3
2026-03-03 04:59:51,82,26.8,6407,73.4,3
2026-03-03 05:00:51,83,26.8,6029,73.4,3
2026-03-03 05:01:52,82,26.8,5726,73.5,3
2026-03-03 05:02:52,82,26.8,5766,73.4,3
2026-03-03 05:03:53,82,26.8,5978,73.4,3
2026-03-03 05:04:53,82,26.8,6521,73.3,3
2026-03-03 05:05:54,83,26.8,6873,73.4,3
2026-03-03 05:06:54,84,26.8,6788,73.4,3
2026-03-03 05:07:55,82,26.8,6444,73.5,3
2026-03-03 05:08:55,81,26.8,6125,73.5,3
2026-03-03 05:09:56,82,26.8,7082,73.5,3
2026-03-03 05:10:56,83,26.8,7883,73.4,3
2026-03-03 05:11:57,84,26.8,8300,73.3,3
2026-03-03 05:12:57,84,26.8,11180,73.2,3
2026-03-03 05:13:58,84,26.8,12182,73.2,3
2026-03-03 05:14:58,85,26.8,11940,73.2,3
2026-03-03 05:15:59,85,26.8,11268,73.3,3
2026-03-03 05:16:59,84,26.8,10290,73.3,3
2026-03-03 05:18:00,83,26.8,9795,73.2,3
2026-03-03 05:19:00,85,26.8,9965,73.3,3
2026-03-03 05:20:01,84,26.8,9139,73.4,3
2026-03-03 05:21:01,85,26.8,8514,73.4,3
2026-03-03 05:22:02,85,26.8,7672,73.4,3
2026-03-03 05:23:02,84,26.8,7189,73.4,3
2026-03-03 05:24:03,84,26.8,7324,73.4,3
2026-03-03 05:25:04,84,26.8,7169,73.4,3
2026-03-03 05:26:04,83,26.8,6734,73.5,3
2026-03-03 05:27:05,84,26.9,6400,73.5,3
2026-03-03 05:28:05,83,26.8,6475,73.4,3
2026-03-03 05:29:06,83,26.8,7249,73.4,3
2026-03-03 05:30:06,85,26.8,8017,73.3,3
2026-03-03 05:31:07,85,26.9,9537,73.3,3
2026-03-03 05:32:07,84,26.9,9576,73.4,3
2026-03-03 05:33:08,84,26.9,8905,73.4,3
2026-03-03 05:34:08,84,26.9,8721,73.4,3
2026-03-03 05:35:08,85,26.8,8367,73.4,3
2026-03-03 05:36:09,84,26.9,8320,73.4,3
2026-03-03 05:37:09,85,26.9,8544,73.4,3
2026-03-03 05:38:10,84,26.9,8318,73.4,3
2026-03-03 05:39:10,84,26.9,7917,73.5,3
2026-03-03 05:40:11,83,26.9,7705,73.4,3
2026-03-03 05:41:12,84,26.9,8052,73.4,3
2026-03-03 05:42:12,84,26.9,8590,73.5,3
2026-03-03 05:43:12,85,26.9,9246,73.4,3
2026-03-03 05:44:13,85,26.9,9269,73.4,3
2026-03-03 05:45:13,85,26.9,8969,73.5,3
2026-03-03 05:46:14,85,26.9,8548,73.5,3
2026-03-03 05:47:14,84,26.9,7837,73.5,3
2026-03-03 05:48:15,84,26.9,7285,73.5,3
2026-03-03 05:49:15,84,26.9,6758,73.6,3
2026-03-03 05:50:16,84,26.9,6383,73.6,3
2026-03-03 05:51:16,83,26.9,6057,73.6,3
2026-03-03 05:52:17,85,26.9,5769,73.6,3
2026-03-03 05:53:17,83,26.9,5742,73.6,3
2026-03-03 05:54:18,85,26.9,6971,73.5,3
2026-03-03 05:55:19,85,26.9,7438,73.5,3
2026-03-03 05:56:19,84,26.9,7260,73.7,3
2026-03-03 05:57:20,86,26.9,8650,73.5,3
2026-03-03 05:58:20,85,26.9,9658,73.5,3
2026-03-03 05:59:21,87,26.9,9504,73.5,3
2026-03-03 06:00:21,86,26.9,8793,73.6,3
2026-03-03 06:01:22,84,26.9,8404,73.5,3
2026-03-03 06:02:22,85,26.9,8427,73.6,3
2026-03-03 06:03:23,85,26.9,8120,73.6,3
2026-03-03 06:04:23,85,26.9,7389,73.6,3
2026-03-03 06:05:24,85,26.9,7278,73.6,3
2026-03-03 06:06:24,87,26.9,7212,73.6,3
2026-03-03 06:07:24,87,26.9,6998,73.6,3
2026-03-03 06:08:25,87,26.9,6901,73.6,3
2026-03-03 06:09:25,86,26.9,6983,73.6,3
2026-03-03 06:10:26,86,26.9,8658,73.6,3
2026-03-03 06:11:26,87,26.9,9001,73.6,3
2026-03-03 06:12:27,86,26.9,8668,73.6,3
2026-03-03 06:13:27,87,26.9,8269,73.6,3
2026-03-03 06:14:28,86,26.9,7895,73.6,3
2026-03-03 06:15:28,86,26.9,7614,73.6,3
2026-03-03 06:16:29,86,26.9,7430,73.6,3
2026-03-03 06:17:29,86,26.9,7222,73.7,3
2026-03-03 06:18:30,86,26.9,7086,73.6,3
2026-03-03 06:19:30,86,26.9,7833,73.6,3
2026-03-03 06:20:31,87,26.9,8106,73.6,3
2026-03-03 06:21:31,86,26.9,8215,73.7,3
2026-03-03 06:22:31,87,26.9,8288,73.6,3
2026-03-03 06:23:32,87,26.9,8452,73.7,3
2026-03-03 06:24:32,87,27.0,8371,73.7,3
2026-03-03 06:25:33,87,26.9,8074,73.7,3
2026-03-03 06:26:33,87,27.0,7651,73.7,3
2026-03-03 06:27:34,87,26.9,7387,73.7,3
2026-03-03 06:28:34,87,26.9,7144,73.8,3
2026-03-03 06:29:35,88,26.9,6986,73.8,3
2026-03-03 06:30:35,87,26.9,6878,73.8,3
2026-03-03 06:31:36,87,26.9,6857,73.8,3
2026-03-03 06:32:36,86,27.0,6828,73.8,3
2026-03-03 06:33:37,87,26.9,6762,73.8,3
2026-03-03 06:34:38,85,26.9,6536,73.8,3
2026-03-03 06:35:38,87,26.9,6435,73.8,3
2026-03-03 06:36:39,87,26.9,6335,73.8,3
2026-03-03 06:37:39,85,26.9,6251,73.8,3
2026-03-03 06:38:39,85,26.9,6224,73.8,3
2026-03-03 06:39:40,86,26.9,6158,73.8,3
2026-03-03 06:40:40,86,26.9,6124,73.8,3
2026-03-03 06:41:41,87,26.9,6015,73.8,3
2026-03-03 06:42:41,86,26.9,5861,73.9,3
2026-03-03 06:43:42,84,27.0,5711,73.9,3
2026-03-03 06:44:42,86,26.9,5900,73.8,3
2026-03-03 06:45:43,87,26.9,6275,73.9,3
2026-03-03 06:46:43,86,26.9,6270,73.9,3
2026-03-03 06:47:44,85,26.9,6067,73.9,3
2026-03-03 06:48:45,87,27.0,5764,73.9,3
2026-03-03 06:49:45,85,26.9,5592,73.9,3
2026-03-03 06:50:45,86,27.0,5530,73.9,3
2026-03-03 06:51:46,86,27.0,5523,73.9,3
2026-03-03 06:52:46,87,26.9,5631,73.8,3
2026-03-03 06:53:47,86,26.9,6003,73.8,3
2026-03-03 06:54:47,87,26.9,6322,73.9,3
2026-03-03 06:55:48,87,27.0,6411,73.9,3
2026-03-03 06:56:48,86,26.9,6410,73.9,3
2026-03-03 06:57:49,87,27.0,6200,73.9,3
2026-03-03 06:58:49,88,26.9,5962,74.0,3
2026-03-03 06:59:50,86,26.9,5759,74.0,3
2026-03-03 07:00:50,87,26.9,5605,74.0,3
2026-03-03 07:01:51,86,26.9,5290,74.0,3
2026-03-03 07:02:51,86,26.9,5052,74.0,3
2026-03-03 07:03:52,86,27.0,4884,74.1,3
2026-03-03 07:04:52,86,27.0,4705,74.0,3
2026-03-03 07:05:53,86,27.0,4822,74.2,3
2026-03-03 07:06:53,86,27.0,6037,74.0,3
2026-03-03 07:07:54,86,27.0,6231,74.0,3
2026-03-03 07:08:54,85,27.0,6480,73.9,3
2026-03-03 07:09:55,86,26.9,6798,73.9,3
2026-03-03 07:10:55,86,27.0,7263,73.9,3
2026-03-03 07:11:56,86,27.0,7536,73.9,3
2026-03-03 07:12:56,86,27.0,7440,73.9,3
2026-03-03 07:13:56,86,27.0,7510,73.9,3
2026-03-03 07:14:57,86,27.0,7547,73.9,3
2026-03-03 07:15:58,86,27.0,7196,74.0,3
2026-03-03 07:16:58,86,27.0,6791,74.0,3
2026-03-03 07:17:59,86,27.0,6315,74.0,3
2026-03-03 07:18:59,85,27.0,5933,74.0,3
2026-03-03 07:20:00,85,27.0,5686,74.0,3
2026-03-03 07:21:00,85,27.0,5490,74.0,3
2026-03-03 07:22:01,86,27.0,5361,74.0,3
2026-03-03 07:23:01,84,27.0,5277,74.0,3
2026-03-03 07:24:02,84,26.9,5286,74.0,3
2026-03-03 07:25:02,86,27.0,5956,74.0,3
2026-03-03 07:26:03,86,27.0,6139,74.0,3
2026-03-03 07:27:03,86,27.0,5915,74.0,3
2026-03-03 07:28:04,86,27.0,5679,74.1,3
2026-03-03 07:29:04,85,27.0,5379,74.1,3
2026-03-03 07:30:05,87,27.0,5072,74.1,3
2026-03-03 07:31:05,87,27.0,4979,74.1,3
2026-03-03 07:32:06,85,27.0,4978,74.1,3
2026-03-03 07:33:06,85,27.0,5097,74.1,3
2026-03-03 07:34:07,85,27.0,5277,74.1,3
2026-03-03 07:35:07,86,27.0,5307,74.1,3
2026-03-03 07:36:07,86,27.0,5289,74.1,3
2026-03-03 07:37:08,85,27.0,5243,74.1,3
2026-03-03 07:38:08,85,27.0,5152,74.1,3
2026-03-03 07:39:09,86,27.0,5322,74.2,3
2026-03-03 07:40:09,86,27.0,6430,74.0,3
2026-03-03 07:41:10,87,27.0,6557,74.1,3
2026-03-03 07:42:10,87,27.0,6401,74.1,3
2026-03-03 07:43:11,87,27.0,6108,74.1,3
2026-03-03 07:44:11,87,27.0,5876,74.1,3
2026-03-03 07:45:12,89,27.0,5808,74.1,3
2026-03-03 07:46:12,87,27.0,5799,74.1,3
2026-03-03 07:47:12,88,27.0,5820,74.1,3
2026-03-03 07:48:13,87,27.0,5815,74.1,3
2026-03-03 07:49:13,88,27.0,5733,74.1,3
2026-03-03 07:50:14,88,27.0,5665,74.1,3
2026-03-03 07:51:14,87,27.0,5540,74.1,3
2026-03-03 07:52:15,87,27.0,5432,74.1,3
2026-03-03 07:53:15,88,27.0,5301,74.1,3
2026-03-03 07:54:16,87,27.0,5226,74.2,3
2026-03-03 07:55:16,88,27.0,5118,74.2,3
2026-03-03 07:56:17,88,27.0,5022,74.1,3
2026-03-03 07:57:17,87,27.0,4969,74.2,3
2026-03-03 07:58:18,87,27.0,4945,74.2,3
2026-03-03 07:59:18,88,27.0,4891,74.2,3
2026-03-03 08:00:19,86,27.0,4894,74.2,3
2026-03-03 08:01:19,87,27.0,4984,74.2,3
2026-03-03 08:02:20,87,27.0,5183,74.2,3
2026-03-03 08:03:20,88,27.0,5552,74.1,3
2026-03-03 08:04:20,88,27.0,6091,74.1,3
2026-03-03 08:05:21,88,27.0,6506,74.1,3
2026-03-03 08:06:21,88,27.0,6686,74.1,3
2026-03-03 08:07:22,86,27.0,6708,74.1,3
2026-03-03 08:08:22,88,27.0,6708,74.1,3
2026-03-03 08:09:23,87,27.0,6670,74.1,3
2026-03-03 08:10:23,88,27.0,6495,74.1,3
2026-03-03 08:11:24,88,27.0,6387,74.1,3
2026-03-03 08:12:24,89,27.0,6299,74.1,3
2026-03-03 08:13:25,88,27.0,6185,74.1,3
2026-03-03 08:14:25,89,27.0,6135,74.1,3
2026-03-03 08:15:26,89,27.0,6207,74.2,3
2026-03-03 08:16:27,89,27.0,7292,74.0,3
2026-03-03 08:17:27,88,27.0,8184,74.1,3
2026-03-03 08:18:28,88,27.0,8361,74.1,3
2026-03-03 08:19:28,90,27.0,8348,74.1,3
2026-03-03 08:20:29,88,27.0,8091,74.1,3
2026-03-03 08:21:29,90,27.0,7777,74.1,3
2026-03-03 08:22:30,89,27.0,7547,74.1,3
2026-03-03 08:23:30,90,27.0,7278,74.1,3
2026-03-03 08:24:30,89,27.0,7076,74.1,3
2026-03-03 08:25:31,89,27.0,6829,74.1,3
2026-03-03 08:26:31,89,27.0,6619,74.2,3
